351,0,医院教堂天台，美女骷髅小孩，白光毒药射线，恐怖之下，胆大人在看画。,2022-12-03 18:00:00,,https://www.bilibili.com/video/BV1Be4y1p7Wh,http://i0.hdslb.com/bfs/archive/e1fffd704ed59caf84cdf3bbbd881bd860c0ba78.jpg
1928,19,小鬼子眼中的鬼子军队——《陆军步兵漫画物语》05,2022-12-03 18:00:00,"斋藤邦雄，大正9年（1920年）11月在群马县藤冈市出生。
昭和16年(1941年)3月在东宝（日本电影制片企业）工作期间被应征入伍、进入高崎东部38部队第1机枪中队。结束一期训练后的7月转入华北日军第63师团(代号“阵部队”）担任机枪射手。曾在华北与八路军为主的中国抗日力量作战多年。
昭和20年（1945年）6月转入东北关东军序列，可没过多久1945年8月苏军闪击“伪满洲国”从蒙古戈壁到鄂霍次克海展开了全面进攻，在一片混乱中斋藤邦雄被苏军俘虏，同年10月被苏军押往西伯利亚从事强制劳动，参加了苏联的战后恢",https://www.bilibili.com/video/BV1Pv4y1o7CV,http://i1.hdslb.com/bfs/archive/8f53c2c4407a41603b9aee04b4520cc844b6475b.jpg
2859,24,小鬼子眼中的鬼子军队——《陆军步兵漫画物语》04,2022-12-02 18:00:00,"斋藤邦雄，大正9年（1920年）11月在群马县藤冈市出生。
昭和16年(1941年)3月在东宝（日本电影制片企业）工作期间被应征入伍、进入高崎东部38部队第1机枪中队。结束一期训练后的7月转入华北日军第63师团(代号“阵部队”）担任机枪射手。曾在华北与八路军为主的中国抗日力量作战多年。
昭和20年（1945年）6月转入东北关东军序列，可没过多久1945年8月苏军闪击“伪满洲国”从蒙古戈壁到鄂霍次克海展开了全面进攻，在一片混乱中斋藤邦雄被苏军俘虏，同年10月被苏军押往西伯利亚从事强制劳动，参加了苏",https://www.bilibili.com/video/BV1Xv4y1d7VJ,http://i0.hdslb.com/bfs/archive/b7ae49eb087537cb793ee8635f7efce9be78bd79.jpg
704,7,第六双足迹,2022-12-02 18:00:00,,https://www.bilibili.com/video/BV1jG411c765,http://i1.hdslb.com/bfs/archive/4bb7d2c88b51e1cf39b89ab250e6c8f9b07b4bca.jpg
3698,24,小鬼子眼中的鬼子军队——《陆军步兵漫画物语》03,2022-12-01 18:00:00,"斋藤邦雄，大正9年（1920年）11月在群马县藤冈市出生。
昭和16年(1941年)3月在东宝（日本电影制片企业）工作期间被应征入伍、进入高崎东部38部队第1机枪中队。结束一期训练后的7月转入华北日军第63师团(代号“阵部队”）担任机枪射手。曾在华北与八路军为主的中国抗日力量作战多年。
昭和20年（1945年）6月转入东北关东军序列，可没过多久1945年8月苏军闪击“伪满洲国”从蒙古戈壁到鄂霍次克海展开了全面进攻，在一片混乱中斋藤邦雄被苏军俘虏，同年10月被苏军押往西伯利亚从事强制劳动，参加了苏联的战后恢",https://www.bilibili.com/video/BV1344y1Q7Ev,http://i1.hdslb.com/bfs/archive/8f53c2c4407a41603b9aee04b4520cc844b6475b.jpg
294,1,再投一本记忆深刻的连环画，请看《草原铁骑》,2022-11-30 18:00:00,,https://www.bilibili.com/video/BV1Ev4y1U7zq,http://i1.hdslb.com/bfs/archive/e569733692bb16838aedea06e9b3e8cd47bb6291.jpg
5901,30,小鬼子眼中的鬼子军队——《陆军步兵漫画物语》02,2022-11-30 18:00:00,"作者简介：

斋藤邦雄，大正9年（1920年）11月在群马县藤冈市出生。
昭和16年(1941年)3月在东宝（日本电影制片企业）工作期间被应征入伍、进入高崎东部38部队第1机枪中队。结束一期训练后的7月转入华北日军第63师团(代号“阵部队”）担任机枪射手。曾在华北与八路军为主的中国抗日力量作战多年。
昭和20年（1945年）6月转入东北关东军序列，可没过多久1945年8月苏军闪击“伪满洲国”从蒙古戈壁到鄂霍次克海展开了全面进攻，在一片混乱中斋藤邦雄被苏军俘虏，同年10月被苏军押往西伯利亚从事强制",https://www.bilibili.com/video/BV1Eg411W79j,http://i1.hdslb.com/bfs/archive/8f53c2c4407a41603b9aee04b4520cc844b6475b.jpg
22112,121,小鬼子眼中的鬼子军队——《陆军步兵漫画物语》01,2022-11-29 18:00:00,"作者简介：

斋藤邦雄，大正9年（1920年）11月在群马县藤冈市出生。
昭和16年(1941年)3月在东宝（日本电影制片企业）工作期间被应征入伍、进入高崎东部38部队第1机枪中队。结束一期训练后的7月转入华北日军第63师团(代号“阵部队”）担任机枪射手。曾在华北与八路军为主的中国抗日力量作战多年。
昭和20年（1945年）6月转入东北关东军序列，可没过多久1945年8月苏军闪击“伪满洲国”从蒙古戈壁到鄂霍次克海展开了全面进攻，在一片混乱中斋藤邦雄被苏军俘虏，同年10月被苏军押往西伯利亚从事强制劳动，参加",https://www.bilibili.com/video/BV1jP4y197Mt,http://i0.hdslb.com/bfs/archive/b0663736914999a3bd9d74c84346f5bb0a7b165f.jpg
334,2,这本连环画有很多画面自儿时就刻在脑海里，请看《剑峰岭》,2022-11-28 18:00:00,,https://www.bilibili.com/video/BV1bg411v7XM,http://i1.hdslb.com/bfs/archive/8e3d6d5453b7a3da0263290a50334cb15800bd90.jpg
961,12,你怕鬼吗？这些人是不怕鬼的，请看《不怕鬼的故事》,2022-11-26 18:00:00,,https://www.bilibili.com/video/BV1KG411c7bV,http://i1.hdslb.com/bfs/archive/01ba3e3bfe463ae1ece5ab492417ad1430188ebc.jpg
651,6,轰动日美两国的飞机交易行贿事件，知情人被灭口，记代子被切除脑白质，成为没有痛苦和欢乐的“植物”，请看森村诚一的《黑幕》,2022-11-25 18:00:00,内容提要：故事是围绕着轰动日美两国的飞机交易行贿事件展开的。某公司职员浅见隆司为报杀父夺妻之仇，联合“神偷”“小飞鼠”以和前任首相师冈国尊为代表的政财两界黑势力，展开了一场惊心动魄的生死搏斗。浅见以自己掌握的证据进行讹诈，借以复仇，师冈等人则依仗自己的势力，杀人灭口，惨无人道地残害无辜。它反映了资本主义社会弱肉强食，尔虞我诈的残酷现实。,https://www.bilibili.com/video/BV16K411Z7tv,http://i2.hdslb.com/bfs/archive/0120ec11cf582bdab87be60fad287257b4f217d9.jpg
468,0,风雨桐林寨,2022-11-23 18:00:00,,https://www.bilibili.com/video/BV1Lt4y1T71V,http://i0.hdslb.com/bfs/archive/475c3d30fe9a2a7b1517d90f71efdccc3770b27e.jpg
2801,21,昆仑奴,2022-11-21 18:00:00,,https://www.bilibili.com/video/BV13P4y127ZX,http://i1.hdslb.com/bfs/archive/fbe97a10eda8f3592c485a8ff6e8698511ec76f2.jpg
401,3,胡诌八卦旗——八卦旗里的秘密,2022-11-20 17:45:46,,https://www.bilibili.com/video/BV1iK411d7DJ,http://i0.hdslb.com/bfs/archive/b10607e81d07690aea42209c00d8659de9f6acee.jpg
1331,1,谁是罪人,2022-11-19 18:00:00,,https://www.bilibili.com/video/BV17P411c7GC,http://i0.hdslb.com/bfs/archive/bf15e68b0f848313dabbc25ad2da979f51bafbda.jpg
494,5,血与沙,2022-11-18 18:00:00,,https://www.bilibili.com/video/BV1Lt4y1K7e1,http://i2.hdslb.com/bfs/archive/6f462a78e0e68efc9787a1cad568aecfe5dcd1dc.jpg
1633,7,北游记05-真武伏魔,2022-11-17 18:00:00,,https://www.bilibili.com/video/BV1C24y1f7Ld,http://i0.hdslb.com/bfs/archive/e262bf5df613bc305b83d97cf9373d06edaac8e3.jpg
2247,3,北游记04-收徒三丰,2022-11-16 18:00:00,,https://www.bilibili.com/video/BV1Ve4y1x7Jc,http://i1.hdslb.com/bfs/archive/c6af856a72f6e381cb3780635c9beb949f9bf013.jpg
40479,75,北游记03-龟蛇二将,2022-11-15 18:00:00,,https://www.bilibili.com/video/BV1At4y1K7Zh,http://i0.hdslb.com/bfs/archive/7af93637782c4075f1fd199041a1ac1c96f0a3a9.jpg
1753,9,北游记02-三世修行,2022-11-14 18:00:00,,https://www.bilibili.com/video/BV1JW4y147Sq,http://i1.hdslb.com/bfs/archive/940054b87d2dbc0cfc3236cf631c3464a98dd749.jpg
12439,17,北游记01-玉帝转世,2022-11-13 18:00:00,,https://www.bilibili.com/video/BV1xv4y1U7Cz,http://i0.hdslb.com/bfs/archive/a0b0790e7ce126afb12fbeb0d44abcf256a4533d.jpg
596,8,《狗剩团长》,2022-11-12 18:00:00,,https://www.bilibili.com/video/BV1gd4y1r75C,http://i1.hdslb.com/bfs/archive/86aa514712ab48c16d7c7e26bc91a0b07b890a1c.jpg
1041,3,南游记07-斗法成正果,2022-11-11 18:00:00,,https://www.bilibili.com/video/BV1qD4y1b7WZ,http://i2.hdslb.com/bfs/archive/a6fb6772a0d2d2bf165b58de3191a5692808db0b.jpg
947,6,南游记06-华光收白蛇,2022-11-10 18:00:00,,https://www.bilibili.com/video/BV1Re4y1473m,http://i0.hdslb.com/bfs/archive/b3e3f69ff5a431669a9ee7eab2496c4d2107e119.jpg
1147,6,南游记05-哪吒战华光,2022-11-09 18:00:00,,https://www.bilibili.com/video/BV1km4y1w7MU,http://i0.hdslb.com/bfs/archive/85d32d6021973eb0dfd192395f9996bf9a9e9391.jpg
1487,6,南游记04-投胎萧家庄,2022-11-08 18:00:00,,https://www.bilibili.com/video/BV1PD4y1b7Zh,http://i0.hdslb.com/bfs/archive/3a3649e6ec081a1d55f1c1ae2a8e406d362460f5.jpg
1007,4,南游记03-华光反天庭,2022-11-07 18:00:00,,https://www.bilibili.com/video/BV1MG411j7Ve,http://i0.hdslb.com/bfs/archive/842399534f3835e73e5e5f3fcbf69c34d622f016.jpg
1252,5,南游记02-大闹琼华会,2022-11-06 18:00:00,,https://www.bilibili.com/video/BV1Sm4y1w75K,http://i2.hdslb.com/bfs/archive/7011ce6afb32d6894723485dc21d8cc08dbbab57.jpg
3567,7,南游记01-妙吉祥转世,2022-11-05 18:00:00,,https://www.bilibili.com/video/BV1mR4y1Q7nN,http://i2.hdslb.com/bfs/archive/dbb3b63bcfbb7d72a19820bacfd84fa299ad8bc3.jpg
1045,1,女魔,2022-11-04 18:00:00,,https://www.bilibili.com/video/BV1xG4y1H7cZ,http://i0.hdslb.com/bfs/archive/768fd0d1331ec9b04d0195d91bf0c1dd5e9bb449.jpg
924,7,海底激战,2022-11-02 18:00:00,,https://www.bilibili.com/video/BV1BG411L7yD,http://i1.hdslb.com/bfs/archive/27992a9938c3a5604aa193d0a2a9450b843c655e.jpg
792,3,在国境线的密林里,2022-10-31 18:00:00,,https://www.bilibili.com/video/BV1kW4y1J7sZ,http://i0.hdslb.com/bfs/archive/b2ce89a13b8ac49ace2f9eca8bc776741518bcd5.jpg
722,3,魔鬼三角与UFO,2022-10-29 18:00:00,,https://www.bilibili.com/video/BV1im4y1A7mM,http://i2.hdslb.com/bfs/archive/65d7941ee5046d179bddffa48d43a1dfc05228fa.jpg
3820,7,当年谍战题材的文艺作品，间谍多是美蒋或苏修的，《边防谍影》里的间谍是哪儿派来的？,2022-10-28 18:00:00,,https://www.bilibili.com/video/BV1cg411a7Bf,http://i1.hdslb.com/bfs/archive/4ff01b5801b387fb8033c70489a2499528f41b4d.jpg
1715,12,邓炳如诱奸少女卜巧珍，五里屯前又将卜巧珍踢死，按律判斩！请看《恩与仇》,2022-10-26 18:00:00,,https://www.bilibili.com/video/BV1zd4y117wG,http://i1.hdslb.com/bfs/archive/a1731cc6e0d288dd1ab097b33d0c1053f21cabb5.jpg
899,0,俄国人笔下的日俄战争是怎样的？请看连环画《旅顺口》下02,2022-10-24 18:00:00,,https://www.bilibili.com/video/BV1GT411N7JP,http://i1.hdslb.com/bfs/archive/d833c9a5f6eb41d5e322af17250ea3b5cfc8b9f4.jpg
774,0,俄国人笔下的日俄战争是怎样的？请看连环画《旅顺口》下01,2022-10-23 18:00:00,,https://www.bilibili.com/video/BV1me41157ha,http://i2.hdslb.com/bfs/archive/2b1e3744e34f9535e408727622f67a5c5d88f0af.jpg
1235,8,俄国人笔下的日俄战争是怎样的？请看连环画《旅顺口》上02,2022-10-22 18:00:00,,https://www.bilibili.com/video/BV1W44y1f7gA,http://i1.hdslb.com/bfs/archive/9e1121645ff752d90120c988338ea7a42b6e8c0e.jpg
7738,51,俄国人笔下的日俄战争是怎样的？请看连环画《旅顺口》上01,2022-10-21 18:00:00,,https://www.bilibili.com/video/BV1Ee41157Er,http://i2.hdslb.com/bfs/archive/5254eff01bab72889e58a685ba124fb0309d4012.jpg
1652,5,《奇冤记》,2022-10-19 18:00:00,,https://www.bilibili.com/video/BV1Qe4y1J7Wb,http://i1.hdslb.com/bfs/archive/4f2f17a874dc0e4580df6f31fb2fc0ae16336077.jpg
545,2,谁杀了扁鹊？请看连环画《医学家扁鹊》,2022-10-17 18:00:00,,https://www.bilibili.com/video/BV1ne4y167wP,http://i1.hdslb.com/bfs/archive/a3b2692334b80c57a3bd1680357d241c95139934.jpg
753,4,三言二拍之《备棺追活命》（下）,2022-10-16 19:00:00,内容介绍：吴氏娘子生有一子刘达生，夫逝新寡。一日来道观与夫超拔，识得黄知观，二人私下往来勾当被儿子刘达生知觉，达生便从中作梗。,https://www.bilibili.com/video/BV1se4y1H7WV,http://i0.hdslb.com/bfs/archive/c8d3b1770ed6fea20af721377653ba80a6b7ad76.jpg
1200,7,三言二拍之《备棺追活命》（上）,2022-10-15 19:00:00,内容介绍：吴氏娘子生有一子刘达生，夫逝新寡。一日来道观与夫超拔，识得黄知观，二人私下往来勾当被儿子刘达生知觉，达生便从中作梗。,https://www.bilibili.com/video/BV1rN4y1P75j,http://i0.hdslb.com/bfs/archive/1d25409237c2e900ab82ce2b1275eb5f26ce787d.jpg
1446,13,美国《恶梦》,2022-10-14 19:00:00,,https://www.bilibili.com/video/BV1PG4y1W71n,http://i2.hdslb.com/bfs/archive/799b66f28d2bac7f5e7bdce9484a9b64bd63d1da.jpg
703,8,伐妮娜与烧炭党人,2022-10-12 19:00:00,,https://www.bilibili.com/video/BV1Ke4y1B7ta,http://i1.hdslb.com/bfs/archive/4be8634ea7ab34cc497744c88c4dc392a4928f94.jpg
1372,10,三言二拍之《十五贯戏言成巧祸》,2022-10-10 19:00:00,,https://www.bilibili.com/video/BV15e4y1H77N,http://i1.hdslb.com/bfs/archive/bf5e7e4699d632b5b997007eec6147f11aaac825.jpg
700,6,刑警皇甫煜04——贼鸽之谜（下册）,2022-10-08 19:00:00,,https://www.bilibili.com/video/BV1CT411N7d1,http://i0.hdslb.com/bfs/archive/c88891faf89cbfee450603d0eef93c079bc1ceea.jpg
1056,6,刑警皇甫煜03——贼鸽之谜（上册）,2022-10-07 19:00:00,,https://www.bilibili.com/video/BV1Vd4y1z7mC,http://i0.hdslb.com/bfs/archive/46a55fb33afdf4cba5bfb1b0119610fc35382931.jpg
1034,1,三言二拍之《俞伯牙摔琴谢知音》,2022-10-05 19:00:00,,https://www.bilibili.com/video/BV1m14y1h7d3,http://i2.hdslb.com/bfs/archive/cda3417682e7fabb3764d53af648296471a4da6f.jpg
4235,10,现在看不到的电视剧，1981年广州电视台拍摄的《羊城曙光》，不过，可以看看连环画,2022-10-03 17:13:00,-,https://www.bilibili.com/video/BV1WD4y117e4,http://i0.hdslb.com/bfs/archive/65fcb4008045714cc6236b16221dbf1783396b45.jpg
2053,3,缴枪记,2022-10-02 19:00:00,,https://www.bilibili.com/video/BV1AR4y1d7UR,http://i0.hdslb.com/bfs/archive/f800c24b0b5db52af50e4f2504a4f4d97aee60cd.jpg
1029,0,欢度国庆，不要忘记这些英雄，请看《革命英雄故事》,2022-10-01 19:00:00,,https://www.bilibili.com/video/BV1DN4y1K7y3,http://i1.hdslb.com/bfs/archive/1b3bd1f9b0ada32568ae8db2278a0bcf4a9dccf0.jpg
1229,7,《太平军痛打洋枪队》,2022-09-30 19:00:00,,https://www.bilibili.com/video/BV1Zd4y1T7AL,http://i1.hdslb.com/bfs/archive/b0b9cf81addf17112e38d5cf9b684fa7da68ed78.jpg
3071,12,“车中猴，门东草，禾中走，一日夫”这是两个人的名字，自己猜一猜叫什么，猜不出来请看《谢小娥》,2022-09-28 19:00:00,,https://www.bilibili.com/video/BV1sd4y1M7mS,http://i2.hdslb.com/bfs/archive/55d5c1ef970470ae5343ffe969926173a3b5cb45.jpg
875,3,一个导演战争的恶魔,2022-09-26 19:00:00,,https://www.bilibili.com/video/BV1vD4y1v7yZ,http://i1.hdslb.com/bfs/archive/fa5d6dcc16266a477c8ca22587c1d8d89ee90fb7.jpg
90276,289,恐怖连环画《遇鬼记》,2022-09-24 19:00:00,,https://www.bilibili.com/video/BV1bg411U7Fh,http://i1.hdslb.com/bfs/archive/303ad1a7bb271e9a3eccfd98399ac0cf018d3750.jpg
1996,9,三言二拍之《秀才报怨》,2022-09-23 19:00:00,内容介绍：贾秀才在外读书，长半年不回，娘子巫氏贤良在家。一日，巫娘子被小人卜良看上，伙同赵尼姑将她骗至庵中迷奸。贾秀才得知，用巧计报仇。,https://www.bilibili.com/video/BV1ba411g7sV,http://i1.hdslb.com/bfs/archive/c2aba8a9c2177ae372b769d38e3f36555d06b6fc.jpg
2641,10,三言二拍之《吕洞宾飞剑斩黄龙》,2022-09-21 19:00:00,,https://www.bilibili.com/video/BV1wg411D7LD,http://i2.hdslb.com/bfs/archive/326b0e9230ab699e9432bd1fd7d4039523c0881e.jpg
1197,5,三言二拍之《金玉奴棒打薄情郎》,2022-09-19 19:00:00,,https://www.bilibili.com/video/BV1yg411S7DX,http://i0.hdslb.com/bfs/archive/a25bca85796fdb8cd77d3b1c0ab7f4a2e5c8899e.jpg
1293,7,人命关天,2022-09-18 19:00:00,,https://www.bilibili.com/video/BV1Fg411U7kx,http://i1.hdslb.com/bfs/archive/944fdd31a00955d0e60d247b4058ae7c623ecf7c.jpg
1259,11,八路军战斗力有多厉害？请看《宋庄之战》,2022-09-17 19:00:00,宋庄之战发生于1942年6月9日，地点在河北省深泽县宋家庄，是冀中军区7军分区22团打的。当时正值“五一扫荡”最残酷的时期，该团在反扫荡中分散活动，团长	左叶	只带了2个连，这样300多人就来到了群众基础好、有地道和围墙依托的宋庄待机行动。冀中地处平原，扫荡中的敌人机动性很强，必须随时准备交战，8日夜22团进驻后，立即在村里抢筑了三道工事。6月9日早上，日军第26师团独立第12步兵联队的联队长坂本吉太郎大佐指挥2个步兵大队突然到来，八路军依托“壁里藏身”工事，与之激战16小时，击退日军38次冲锋，终于拖到,https://www.bilibili.com/video/BV11D4y1v7at,http://i2.hdslb.com/bfs/archive/e23aed32cff9779380f0321870ad880d24c6c695.jpg
1382,5,三言二拍之《太尉戏馆客》,2022-09-16 19:00:00,,https://www.bilibili.com/video/BV15d4y137zX,http://i0.hdslb.com/bfs/archive/f92ca4c960f9390bbdb6f90cec70c608d8b65ddd.jpg
2333,4,三言二拍之《井中谭》,2022-09-14 19:00:00,,https://www.bilibili.com/video/BV1qV4y1u7m3,http://i1.hdslb.com/bfs/archive/b907b432292c14a90ad5005ce8b7383fb9cf5a0b.jpg
1360,6,三言二拍之《千里送京娘》,2022-09-12 19:00:00,,https://www.bilibili.com/video/BV1nP4y1f7uf,http://i0.hdslb.com/bfs/archive/faebf06bc72087661ce3403aa11f3bddcd72e629.jpg
1537,4,风云岛（下）,2022-09-11 19:00:00,,https://www.bilibili.com/video/BV1kV4y1u7Ge,http://i0.hdslb.com/bfs/archive/58c77bacc1c318c3743819224a9f4b9bc4277731.jpg
2077,10,风云岛（上）,2022-09-10 19:00:00,,https://www.bilibili.com/video/BV1wW4y1B73w,http://i1.hdslb.com/bfs/archive/26a75073b0c7ba48ba5d5937ff51d9c4a101d59b.jpg
1458,7,乔太守乱点鸳鸯谱,2022-09-09 19:00:00,,https://www.bilibili.com/video/BV1Qd4y197yK,http://i0.hdslb.com/bfs/archive/419e652a529f6ed8d65c0b1389ad86902733b36c.jpg
2473,5,三言二拍之《卖油郎独占花魁》,2022-09-07 19:00:00,,https://www.bilibili.com/video/BV1Ht4y1J74f,http://i1.hdslb.com/bfs/archive/0acf49cfc3a060b5c1336357de20a562bab71299.jpg
2025,8,三言二拍之《一笑姻缘》,2022-09-05 19:00:00,,https://www.bilibili.com/video/BV1QN4y1F7ii,http://i2.hdslb.com/bfs/archive/818a3d279ce123771ee977406fad95896081619b.jpg
2139,4,绿色案件,2022-09-04 19:00:00,,https://www.bilibili.com/video/BV1y14y1W7vE,http://i2.hdslb.com/bfs/archive/7f0c3fbef5f23cd470d1e34e993fd788ddbe4318.jpg
317784,1629,小鬼子眼中苏军战俘营的生活是怎样的？请看《关东军战俘苏联拘留画集》,2022-09-03 19:00:00,,https://www.bilibili.com/video/BV1nt4y1J72Y,http://i1.hdslb.com/bfs/archive/a82cac8b6f688ae3cdc3ba1f72efd022ed0fffa6.jpg
1282,6,三言二拍之《王娇鸾》,2022-09-02 19:00:00,,https://www.bilibili.com/video/BV1Ka411G7n7,http://i2.hdslb.com/bfs/archive/fa14366d1efc06a4eb72cfadd2bf0ab6ea7bad35.jpg
1568,6,三言二拍之《韦十一娘》,2022-08-31 19:00:00,,https://www.bilibili.com/video/BV1EP411579q,http://i2.hdslb.com/bfs/archive/5329ff47c62265674411f4a3e376e876dae272a1.jpg
5946,7,谁是 “108”,2022-08-29 19:00:00,,https://www.bilibili.com/video/BV1JP411j7qS,http://i0.hdslb.com/bfs/archive/c1c597fdb7142cdc0373e1ef4dcced05056017fd.jpg
525,1,古镜迷影02,2022-08-28 19:00:00,-,https://www.bilibili.com/video/BV1oG4y1h7oX,http://i1.hdslb.com/bfs/archive/e0eeb90b9bfb9ae2a97733ade24672d3ec71506c.jpg
1035,2,古镜迷影01,2022-08-27 19:00:00,-,https://www.bilibili.com/video/BV17t4y137Gx,http://i2.hdslb.com/bfs/archive/f51cef31f4ee566bf982916f8d3c4c653a43b597.jpg
1611,16,斯特拉之死,2022-08-26 19:00:00,-,https://www.bilibili.com/video/BV1CY4y1c7Wd,http://i0.hdslb.com/bfs/archive/97c1eddf144fea1f6f30673caa622e87021ea896.jpg
1622,3,最后一个太监,2022-08-24 19:00:00,,https://www.bilibili.com/video/BV1aB4y1L7ta,http://i1.hdslb.com/bfs/archive/e9a3a88bd2f793f691867c43e385ac727ed94d41.jpg
1135,2,《警长的儿女》,2022-08-22 19:00:00,-,https://www.bilibili.com/video/BV1nd4y1K7xb,http://i2.hdslb.com/bfs/archive/51036b06111e4e49bb67ac0b3a01f3b2ee4ad59d.jpg
2154,9,鲁迅评价很高，但是，很多人不知道的一部书：《西游补》下,2022-08-21 19:00:00,,https://www.bilibili.com/video/BV1qB4y157yq,http://i2.hdslb.com/bfs/archive/f3564bfdd3287c5f0d0b19e4b98367dca54fcfbb.jpg
9260,62,鲁迅评价很高，但是，很多人不知道的一部书：《西游补》上,2022-08-20 19:00:00,,https://www.bilibili.com/video/BV1QB4y1577r,http://i2.hdslb.com/bfs/archive/766776d44d309f89c8cd1a44cfbf23d0211e6e7c.jpg
722,1,《东陵盗宝》第三集,2022-08-19 19:00:00,-,https://www.bilibili.com/video/BV1ud4y1o7K8,http://i0.hdslb.com/bfs/archive/435d52dd99318cb443f98202b029b673c318149f.jpg
858,2,《东陵盗宝》第二集,2022-08-17 19:00:00,-,https://www.bilibili.com/video/BV1RS4y1s7wA,http://i2.hdslb.com/bfs/archive/17813c941658fead2a84c54075d63e92123e81e0.jpg
1858,4,《东陵盗宝》第一集,2022-08-15 19:00:00,-,https://www.bilibili.com/video/BV1BF411w71Q,http://i0.hdslb.com/bfs/archive/232546a8744cc713fff9f63cdd7085f4e5cafd32.jpg
4042,1,哨所枪声,2022-08-14 19:00:00,,https://www.bilibili.com/video/BV1RN4y157CL,http://i0.hdslb.com/bfs/archive/31ed5292e40a6aeb61fb05be8bb93fdad3eaca18.jpg
1280,4,连环画《看瓜》,2022-08-14 15:34:05,-,https://www.bilibili.com/video/BV11N4y157ao,http://i1.hdslb.com/bfs/archive/92785c2f6cbd3abad2bf1d3c5b6b4a9ffa0d5717.jpg
1491,5,小二黑结婚,2022-08-12 19:00:00,,https://www.bilibili.com/video/BV1at4y1G7By,http://i0.hdslb.com/bfs/archive/f6f9147c33ffa3698470b68496b445e9b23ccfec.jpg
649,1,《巴黎皇后》下,2022-08-10 19:00:00,,https://www.bilibili.com/video/BV1aY4y1w7F9,http://i1.hdslb.com/bfs/archive/e59d2ef5be0f86e3809644c00bdeca4f122d5d6e.jpg
926,2,《巴黎皇后》上,2022-08-08 19:00:00,,https://www.bilibili.com/video/BV1rU4y1Y792,http://i1.hdslb.com/bfs/archive/d67e25eac41ea448995647d680fd8a703813ef98.jpg
2242,4,贝壳湾擒“黑鳗”,2022-08-05 19:00:00,,https://www.bilibili.com/video/BV17S4y1t76T,http://i1.hdslb.com/bfs/archive/5c8f89973b66c811202f6908dd2cfa70863b0941.jpg
2328,3,白银案,2022-08-02 19:00:00,,https://www.bilibili.com/video/BV14G411h7wG,http://i2.hdslb.com/bfs/archive/dfe653876df1711d63d2560942ed1558b7a9aa2c.jpg
997,1,戏法为假，却假戏真做，八岁小童命丧剑下。失误？谋杀？杀人者谁？市井无赖还是伪善的老板？“天哪！”只听得少女一声惨叫…请看《真假宝剑》,2022-07-31 19:00:00,,https://www.bilibili.com/video/BV1r94y1D7iw,http://i2.hdslb.com/bfs/archive/6266a28c52b56b26e2fe527df0ccbdd7f774ccdf.jpg
1100,7,一个跛脚乞丐死在沟河中，幽影却突然出现在狄仁杰对面墙壁上…是冤魂在申诉？林子展家的私塾老师失踪，竟也是跛脚…层层迷雾，谁是跛脚乞丐？谁是杀人凶？请看《跛脚乞丐》,2022-07-29 22:00:00,,https://www.bilibili.com/video/BV1294y1D73Y,http://i1.hdslb.com/bfs/archive/4a6df27876d96b6926e66337aa78bb5fccc74c43.jpg
4832,12,秘密纵队,2022-07-26 22:00:00,,https://www.bilibili.com/video/BV1VN4y177Jh,http://i2.hdslb.com/bfs/archive/da9eceb4a865678327357acceca2659d8f536ccd.jpg
3364,3,江底擒魔,2022-07-22 22:00:00,,https://www.bilibili.com/video/BV1yd4y1Q7QA,http://i2.hdslb.com/bfs/archive/8aded600647cc9ffd9882f4bcb68fb088f6b6b7d.jpg
5491,10,熊猫计划（X-3案件）,2022-07-19 22:00:00,,https://www.bilibili.com/video/BV14a411M7b3,http://i1.hdslb.com/bfs/archive/9e3a2936a5ff4fa8ac5d4c6f7c76a0c4139cbaf7.jpg
758,8,《西游新记》第八册,2022-07-16 19:00:00,,https://www.bilibili.com/video/BV18T411g75E,http://i2.hdslb.com/bfs/archive/7a85d20bcb1c94bf5e04334e11f862550cbde2b0.jpg
3182,6,《失踪之谜》,2022-07-15 19:00:00,,https://www.bilibili.com/video/BV1QW4y12727,http://i2.hdslb.com/bfs/archive/c73dc68b420fed2260e6121b7ae0bd788a85424a.jpg
684,6,沙僧做慈善，悟空去考古，请看《西游新记》第七册,2022-07-14 09:00:00,,https://www.bilibili.com/video/BV1F34y1H7jd,http://i2.hdslb.com/bfs/archive/def4dc3f006ca114741b446c646af34a6ea073c3.jpg
2690,7,《无形窃贼》,2022-07-13 19:00:00,,https://www.bilibili.com/video/BV1uT411J7n4,http://i0.hdslb.com/bfs/archive/f65e7df0c0f6af5fbcb64b64bee6f914e069a921.jpg
742,8,悟空八戒沙僧大战三圣教，详情请看《西游新记》第六册,2022-07-12 19:00:00,,https://www.bilibili.com/video/BV1Sf4y1d7yM,http://i2.hdslb.com/bfs/archive/f26434a01236da4e6952382a0f5cfae41b21c6c8.jpg
2645,6,《奇人怪想》,2022-07-11 19:00:00,,https://www.bilibili.com/video/BV1yB4y1e7pq,http://i1.hdslb.com/bfs/archive/e7167ed9b11167f238fbf784f97c4ab3baa16a50.jpg
818,1,悟空八戒沙和尚，拍电影，上法庭，智斗三K党，详情请看《西游新记》第五册,2022-07-10 19:00:00,,https://www.bilibili.com/video/BV1Va41197w2,http://i2.hdslb.com/bfs/archive/78729df329c82cbbc14606cfe1fcbaa0aac8dbb6.jpg
2890,8,纸醉金迷,2022-07-09 19:00:00,,https://www.bilibili.com/video/BV1734y1p7RG,http://i1.hdslb.com/bfs/archive/10a14525a6021644fcb120e6ae1d44abaa794994.jpg
1115,6,悟空救出众人后，兄弟三人一起打工做演员，详情请看《西游新记》第四册,2022-07-08 19:00:00,-,https://www.bilibili.com/video/BV1rN4y1g73i,http://i1.hdslb.com/bfs/archive/b8ea32381d45f4e0cea2079d9be2997cfd0ede6f.jpg
2370,11,乔装打扮,2022-07-07 19:00:00,,https://www.bilibili.com/video/BV1XT41137s9,http://i1.hdslb.com/bfs/archive/25f0a51507b0e9eff285b563b240e243f209aaa7.jpg
881,15,八戒和心上人李莎以及沙僧被黑手党绑架，福尔摩斯出马也落入虎口。请看《西游新记》第三册,2022-07-06 19:00:00,-,https://www.bilibili.com/video/BV1JS4y1n7Qb,http://i0.hdslb.com/bfs/archive/cf262886ee69e3bdc287ee531965c4efc8c17527.jpg
1745,1,盗魂,2022-07-05 19:00:00,,https://www.bilibili.com/video/BV1Ka411p7r1,http://i0.hdslb.com/bfs/archive/f4f9f879ed7a60ad0e0b9bbc436e21967d9052b8.jpg
1119,8,八戒为爱减肥，能成功吗？请看《西游新记》第二册,2022-07-04 19:00:00,-,https://www.bilibili.com/video/BV1dN4y1g7cM,http://i1.hdslb.com/bfs/archive/78102e029ea38bfdac63965ed94533c355b16a2d.jpg
5774,15,碧岛谍影,2022-07-03 11:59:59,,https://www.bilibili.com/video/BV1qT411u7fh,http://i0.hdslb.com/bfs/archive/69da43764874910f619ee7c0a9193434e648c6c9.jpg
2354,19,悟空八戒沙和尚兄弟三人西游美国，有何趣事，请看《西游新记》第一册,2022-07-02 18:59:59,-,https://www.bilibili.com/video/BV1ev4y1u7K3,http://i2.hdslb.com/bfs/archive/bea8d0ce1a7d128b7cd2da6dd1b33104eba4a0e6.jpg
3483,18,鬼山黑影,2022-07-01 19:00:00,,https://www.bilibili.com/video/BV1FG411x76y,http://i0.hdslb.com/bfs/archive/4ac315ec18076969743f5b160b9ffe65bdde755c.jpg
3463,29,毒教材被揭露，可以看一看特殊年代是如何对待毒的？请看连环画《放学以后》,2022-06-30 19:00:00,,https://www.bilibili.com/video/BV1VT411376b,http://i1.hdslb.com/bfs/archive/ddd5e3bfdb2fbf86d039ebf18823815edd6eb9ac.jpg
10229,24,“杀人伞”案件,2022-06-29 18:59:59,,https://www.bilibili.com/video/BV14W4y1r78K,http://i2.hdslb.com/bfs/archive/84b271a22527dde1706deffdbb70413a2b36b2dc.jpg
8428,10,古玩疑案,2022-06-28 18:59:59,,https://www.bilibili.com/video/BV1kY4y1J7od,http://i1.hdslb.com/bfs/archive/d017222d24aec8d1037bf293266b10b09c574e92.jpg
807,6,这样的爱情是美好的，请看连环画《失意女巧遇得意郞》,2022-06-27 19:00:00,,https://www.bilibili.com/video/BV1Ja411W7SX,http://i1.hdslb.com/bfs/archive/9dfea11928d8f1d1eaf2d3dcbeeae9b8464d7c47.jpg
414,4,庆祝航母003福建舰下水，发布人民海军光辉战斗故事连环画，第十一册《南沙海战》,2022-06-26 18:59:59,,https://www.bilibili.com/video/BV1J3411w7bS,http://i2.hdslb.com/bfs/archive/966fd24b99447f05fe9efa5ed410b11e70662208.jpg
641,4,庆祝航母003福建舰下水，发布人民海军光辉战斗故事连环画，第十册《西沙海战》,2022-06-25 19:00:19,,https://www.bilibili.com/video/BV1QT411g73S,http://i0.hdslb.com/bfs/archive/657600dd95081b8da687d8e2d950865478cfbea3.jpg
547,1,庆祝航母003福建舰下水，发布人民海军光辉战斗故事连环画，第九册《崇武以东显神威》,2022-06-24 19:00:19,,https://www.bilibili.com/video/BV1n94y117oM,http://i0.hdslb.com/bfs/archive/3a0c8c5c2758240fa72f18c07ad352e21ae51788.jpg
640,0,庆祝航母003福建舰下水，发布人民海军光辉战斗故事连环画，第八册《“八.六”海上歼灭战》,2022-06-23 19:00:19,,https://www.bilibili.com/video/BV1x34y1W7rB,http://i1.hdslb.com/bfs/archive/affa7daf01a19340c34162e3cb67f82eb9253926.jpg
629,1,庆祝航母003福建舰下水，发布人民海军光辉战斗故事连环画，第七册《“大金”特务船的覆没》,2022-06-23 12:00:34,,https://www.bilibili.com/video/BV1g3411u7ex,http://i0.hdslb.com/bfs/archive/efee3290dd0afb6f59886741e2b2efe2f8c66e4a.jpg
707,1,庆祝航母003福建舰下水，发布人民海军光辉战斗故事连环画，第六册《万炮轰金门》,2022-06-22 19:00:21,,https://www.bilibili.com/video/BV1Qa411p7js,http://i1.hdslb.com/bfs/archive/27c18d0cca087b74d37071ea252addde6e9e2c5a.jpg
741,3,庆祝航母003福建舰下水，发布人民海军光辉战斗故事连环画，第五册《海空雄鹰》,2022-06-22 12:00:33,,https://www.bilibili.com/video/BV1U94y1y7hd,http://i0.hdslb.com/bfs/archive/906f7267bbf607aac0641d570819c0b9488d32de.jpg
803,6,庆祝航母003福建舰下水，发布人民海军光辉战斗故事连环画，第四册《解放一江山岛》,2022-06-21 19:00:17,一江山岛战役，是人民解放军陆、海、空军首次联合登陆作战。解放一江山岛，改变了台湾海峡的斗争形势，初步取得了联台兵种协同作战的经验。从一江山岛战役起，解放军开始击破国府残部在浙东沿海岛屿的防御体系，是中共第一次成功实施海陆空三军协同作战，意义深远。,https://www.bilibili.com/video/BV12Y4y1g7rz,http://i1.hdslb.com/bfs/archive/b0fa8bb634feab4d2e11358fbfa2ed6ebdb5c1af.jpg
809,6,庆祝航母003福建舰下水，发布人民海军光辉战斗故事连环画，第三册《奇袭太平号》,2022-06-21 12:00:01,,https://www.bilibili.com/video/BV1YN4y137vC,http://i1.hdslb.com/bfs/archive/fcbf4e2e71ec3714bda924c8de2cf657f4206ca9.jpg
880,7,庆祝航母003福建舰下水，发布人民海军光辉战斗故事连环画，第二册《乌丘海域阻击战》,2022-06-20 19:00:17,,https://www.bilibili.com/video/BV1a94y1y78r,http://i1.hdslb.com/bfs/archive/1d856fe5f629f64f4fe3c246287705980cf49163.jpg
1078,5,庆祝航母003福建舰下水，发布人民海军光辉战斗故事连环画，第一册《首战万山群岛》,2022-06-20 12:00:39,万山群岛有48个岛屿，主要岛屿有垃圾尾（今桂山）、外伶仃、东澳、三门、大小万山岛和担杆、佳蓬列岛等。位于广东省珠江口外，居香港与澳门之间，控制着进出香港、澳门的主要航线与珠江入海口，扼广州对外航路，是中国南部的海防要地。1950年5月1日海南岛解放后，国民党海军总司令桂永清到垃圾尾岛部署万山群岛防御，决定组成“粤南群岛指挥部”，由海军第3舰队代司令齐鸿章担任指挥部司令，统一指挥海军第3舰队、南山卫巡防处、海军陆战队1个旅和青年军第208师1个营、由海南岛撤出上岛的4个连以及原驻该群岛的“广东突击军”等共3,https://www.bilibili.com/video/BV1rv4y1g7WU,http://i2.hdslb.com/bfs/archive/b675f10056f0a9a67c683fca06e309010b08950f.jpg
1635,3,失踪的马队,2022-06-18 19:00:21,清朝末年，一支驮着掠来的中国文物的马队，在两个洋人的押解下，长途跋涉，从遥远的飞鸣山，来到一个叫璇玑湾的港口。在他们登上一艘叫“魔鹰号”的三桅洋船后，便随同那船永远地消失了……若要知道这稀罕文物的来历和马队失踪的经过，请阅读本书。,https://www.bilibili.com/video/BV1ia411s7C4,http://i0.hdslb.com/bfs/archive/962d042a943245307e5c69b40b75c9a4db720f33.jpg
9845,33,1951年的连环画《美国武装日本罪行录》,2022-06-17 19:00:26,,https://www.bilibili.com/video/BV1Vv4y1g7qB,http://i0.hdslb.com/bfs/archive/8e9de32783895795b4e87b2edbd553601b58b19a.jpg
1213,5,夜战猛狮,2022-06-16 19:00:00,,https://www.bilibili.com/video/BV1f94y127vo,http://i2.hdslb.com/bfs/archive/f3280c60470766d391236e28ee672b0da171cc35.jpg
1418,4,一件怪事,2022-06-15 19:00:01,,https://www.bilibili.com/video/BV1SS4y1i7Cd,http://i2.hdslb.com/bfs/archive/930f1989b7617053e8810048757d0efcb2b7fa27.jpg
2015,9,《九龙杯传奇》,2022-06-14 19:00:00,,https://www.bilibili.com/video/BV1JY4y1G7eP,http://i2.hdslb.com/bfs/archive/62b590fbb6982cee36a49579e4695a869612faa3.jpg
4704,5,《神秘的指纹》,2022-06-13 19:00:01,,https://www.bilibili.com/video/BV1EA4y1R7wV,http://i2.hdslb.com/bfs/archive/ba71e2e4e6ba16d6aa9e3f704f3ea11f71d5d09b.jpg
7594,21,军统三剑客之一沈醉的回忆录《我这三十年》,2022-06-12 19:00:01,,https://www.bilibili.com/video/BV1YB4y1Q7rZ,http://i1.hdslb.com/bfs/archive/8ea4310fc998112a8bf42591ae204e1d9bf2680f.jpg
2969,7,《骨灰盒上的指纹》,2022-06-11 19:00:00,,https://www.bilibili.com/video/BV1gr4y137S4,http://i2.hdslb.com/bfs/archive/cec7adb41e397e8059988664db1eb2986163a6cf.jpg
2647,12,一人被杀，一人自杀，一人成为乞丐，他们都是为了这十二把椅子,2022-06-10 19:00:00,,https://www.bilibili.com/video/BV143411G7RQ,http://i1.hdslb.com/bfs/archive/2bba1cfe3e65e87959b6b0e5d9ba4144a8de7bb4.jpg
2554,7,钱塘血案,2022-06-09 19:00:01,,https://www.bilibili.com/video/BV11T411V7yG,http://i2.hdslb.com/bfs/archive/3ea6ef7fa39eac9d69638e5588b52a30da6d1435.jpg
1142,5,谁这么大的胆子，敢宰了慈禧的大红人？请看《小安子伏法记》,2022-06-08 19:00:00,谁这么大的胆子，敢宰了慈禧的大红人？请看《小安子伏法记》,https://www.bilibili.com/video/BV1334y1j7Kc,http://i1.hdslb.com/bfs/archive/d80dd4d00c1c43370b6985005ca360a0db65c22f.jpg
1958,8,名字恐怖，故事可不恐怖，亲看《古墓冤魂》,2022-06-07 19:00:00,,https://www.bilibili.com/video/BV1zL4y1K7TV,http://i2.hdslb.com/bfs/archive/87ecf1eeea823ab298b652ec2193c836c480f59b.jpg
1767,11,难道这就是郭德纲口中的“失身人面”？确实，有的人失去了生命，有的人失去了人格，请看连环画《狮身人面》,2022-06-06 19:00:00,年轻的女历史学家艾丽卡，辗转万里从美国到埃及旅游。她为了寻觅一尊价值连城的古埃及西提一世法老的雕像，不幸陷入了走私集团的圈套。亲眼目睹了一桩桩明争暗斗的谋杀案件，自身也险些成了黑势力的殉葬品。她凭藉超人的勇敢与机智，历经重重艰险，巧妙地与走私集团的各类人物，包括古董商、律师、墓地看守长、政府部长进行了巧妙的周旋，终于发现了雕像的所在并且解开了风靡世界的图坦卡芒陵墓之谜。同时，还窥探到那些道貌岸然、灵魂丑恶的黑势力人物之间尔虞我诈、勾心斗角的内幕。故事充满传奇色彩、异国情调，情节惊险、曲折，读后令人惊叹、深,https://www.bilibili.com/video/BV1dt4y1p7ov,http://i0.hdslb.com/bfs/archive/dbb45188e918de7a9e50d6dfceac6ebd1dab2139.jpg
8454,48,文革时期连环画《商鞅》非常强调儒法斗争。其实汉宣帝说得好：“汉家自有制度，本以霸王道杂之？奈何纯任德教，用周政乎”,2022-06-05 19:00:00,,https://www.bilibili.com/video/BV1pL4y1K7AP,http://i2.hdslb.com/bfs/archive/6dbb747c5f06a081745a2784a942e8d78734796e.jpg
2190,5,大宋提刑官《宋慈》,2022-06-04 19:00:00,,https://www.bilibili.com/video/BV1wY411M7nN,http://i1.hdslb.com/bfs/archive/094e977ee175fede8c9f26ba55d8171c7936d379.jpg
897,21,面对西方大国的侵略，是联合北方大国抵抗，还是幼稚地妄想与西方大国和好而毁掉与北方大国的联盟？屈原留给我们的不仅仅是爱国主义。,2022-06-03 19:00:00,面对西方大国的侵略，是联合北方大国抵抗，还是幼稚地妄想与西方大国和好而毁掉与北方大国的联盟？屈原留给我们的不仅仅是爱国主义，他的故事对当前中美俄大三角关系也有借鉴意义。,https://www.bilibili.com/video/BV1FZ4y1t7iE,http://i2.hdslb.com/bfs/archive/becdbe10457f35d0c5e01d0bf501d7561e1a1d79.jpg
4824,4,《特务的奇遇》,2022-06-02 19:00:01,解放前，艾国新由于生活所迫，出走国外，中了坏人的圈套，当了特务。祖国解放后，他被派遣回国，但一踏上大陆，就感受到人民政府的温暖，毅然自首，并接受了交给他的将计就计的任务。党派来和他联络的解放嫂，正是他失散多年的妻子，但为了斗争的需要，他们却不能公开相认、一起生活。艾国新等待了十七年，等到的特务却是失散的亲生女儿。但他牢记自己的使命，在特务操纵的刑讯中，始终没有暴露身份，最后以死控诉了帝国主义的罪恶，显示了他对祖国的无限忠诚,https://www.bilibili.com/video/BV1aS4y1q7Uy,http://i1.hdslb.com/bfs/archive/117870b47e0d2124632fe2c44806fd3bec33bddc.jpg
905,7,追星族，最爱大明星的头发，你愿意花多少钱买三根？93年春晚，施拉普纳的一根白发可是拍出了50000元人民币,2022-06-02 13:19:29,,https://www.bilibili.com/video/BV1w34y1L7Bd,http://i2.hdslb.com/bfs/archive/602b95dce0c7b6a38ca4410e8473fb641bc2b600.jpg
17483,25,《一双绣花鞋》,2022-06-01 19:00:00,,https://www.bilibili.com/video/BV1Jg411R7C8,http://i1.hdslb.com/bfs/archive/806213f55cf03c6b8a72a09ffb1ab110df3f6ee4.jpg
4495,7,《儒法治军路线斗争故事选》,2022-05-31 19:00:00,"这是文革期间出版的一本连环画
【出版说明】军事路线是由政治路线决定，并为政治路线服务的。两千多年来，法家和儒家两条军事路线的斗争，突出表现在治军思想上的对立。法家主张“以法治军”，把革新、进步的政治路线作为建设军队的根本，实行“有功者赏，违令者罚”，以此培养将士的纪律观念和战斗精神。这对提高军队战斗力、从而战胜敌人起了重要作用。然而，地主阶级的本性决定了他们训练军队只能靠强制压服的手段，并且最终目的还是为了巩固和加强剥削阶级的统治。儒家则提倡“以礼治军”，向军队灌输孔孟之道，使军队死心塌地为奴隶主阶级和反",https://www.bilibili.com/video/BV1u3411V7Yd,http://i1.hdslb.com/bfs/archive/d5c918f1242d021773cc01e6c28372d1c90107d5.jpg
749,11,《孔雀东南飞》,2022-05-31 12:00:38,《孔雀东南飞》,https://www.bilibili.com/video/BV1MY411g7LN,http://i1.hdslb.com/bfs/archive/ee6287a7a07e7f7acff71c6fd478876bc0a8ad4f.jpg
4959,10,《迷雾案》,2022-05-30 19:00:00,,https://www.bilibili.com/video/BV1Cg411o7Ea,http://i2.hdslb.com/bfs/archive/65b299a8efcc1052abc58168c901023e77b54c92.jpg
1698,4,故事不长，案件却一波三折；人物不多，可荒唐之人不少，请看《荒唐的案件》,2022-05-30 12:00:00,,https://www.bilibili.com/video/BV1Za411j7Ru,http://i2.hdslb.com/bfs/archive/19a956abed31ac9683423bb851327ed289b92a16.jpg
22023,19,周总理对他曾指示：“生要见人，死要见尸”他就是《最后落网的少将特务》,2022-05-29 19:00:01,"郑蕴侠，江西临川人，1907年生，2009年离世，享年102岁；原国民党中统特务，毕业于黄埔军校四期，1933年后先后曾任国民政府中央司法院法制专员、军法执行总监部司法长、少将专员等职务；参加过抗日战争，亲身经历“台儿庄会战”和中国远征军远征缅甸；震惊中外的重庆“较场口血案”和“沧白堂事件”他则是现场的指挥者之一和参与者。
	中华人民共和国成立后，他仓皇逃窜，在四川涪陵（今属重庆)和贵州务川一带“潜伏”长达8年之久，周恩来总理对此人曾指示：“生要见人，死要见尸”法网恢恢，疏而不漏——他最终于1958年落网",https://www.bilibili.com/video/BV1754y1f78Z,http://i2.hdslb.com/bfs/archive/cd3d63c4abb1121af40a05e5fa7b0ed43a8e11d4.jpg
1670,3,《夜幕下的哈尔滨》之六《血洒中华》,2022-05-28 19:00:00,,https://www.bilibili.com/video/BV1fa41177s3,http://i1.hdslb.com/bfs/archive/e88e7ad833961bdec2aa19ab708c8745e75c4d2c.jpg
619,3,《夜幕下的哈尔滨》之五《风云变幻》,2022-05-27 19:00:00,,https://www.bilibili.com/video/BV1CR4y1w7Xa,http://i1.hdslb.com/bfs/archive/536d94bdc1a75f6c3c3a67af56c32494cf14a0b1.jpg
3428,18,一把椅子，坐上去一周内死去，这是为什么？没看明白，但故事结局却有点出乎意外，请看连环画《索命椅》,2022-05-27 12:00:00,,https://www.bilibili.com/video/BV11r4y1s77n,http://i2.hdslb.com/bfs/archive/b8e9400a4babfb37805207f6913d67801cfcf152.jpg
835,2,《夜幕下的哈尔滨》之四《阴谋诱婚》,2022-05-26 19:00:00,,https://www.bilibili.com/video/BV1sS4y1z7yw,http://i0.hdslb.com/bfs/archive/fe084ffd70d0f95f363b0bfe0336bb1efd172205.jpg
781,1,《夜幕下的哈尔滨》之三《虎穴斗敌》,2022-05-25 19:00:00,,https://www.bilibili.com/video/BV1MS4y1z7z4,http://i0.hdslb.com/bfs/archive/83c2860ae6a1d21b3f1f64a8887b76111e36f4e9.jpg
485,2,世界探险史01埃及人班图国探险,2022-05-25 12:00:00,世界探险史，共35集，不定期发布。,https://www.bilibili.com/video/BV1kr4y1s76V,http://i1.hdslb.com/bfs/archive/3120922efa525fab02671244026f3a805bf288d3.jpg
814,6,两本版本的《祝福》这是57年版,2022-05-25 10:02:05,,https://www.bilibili.com/video/BV13B4y1X7z8,http://i0.hdslb.com/bfs/archive/47062fa1e6523469dd6d5e84b014c0bc4f05a8c4.jpg
750,1,《夜幕下的哈尔滨》之二《飞行集会》,2022-05-24 19:00:00,,https://www.bilibili.com/video/BV1o3411G7gk,http://i0.hdslb.com/bfs/archive/212d611882ba4722904dd43fda1d603bf590f7f3.jpg
1051,4,根据1977年发生的联邦的国兰茨胡特劫机事件创作的连环画《劫机事件》,2022-05-24 12:00:37,1977年	10月13日，汉莎航空181号班机由一架编号为D-ABCE的波音737执行，途中被	解放巴勒斯坦人民阵线	的4名成员劫持至摩加迪沙，五天后（	10月18日	）被	德国联邦警察第九国境守备队	（GSG 9也称德国第9反恐大队）突击营救，营救行动的代号为“魔火行动”，86名乘客全部获释。此次劫机事件亦称“	兰茨胡特劫机事件	”。,https://www.bilibili.com/video/BV1c34y1J7JM,http://i1.hdslb.com/bfs/archive/588eda0542294b4f1a91f9ada4cbd49418b21759.jpg
1859,12,《夜幕下的哈尔滨》之一《初试锋芒》,2022-05-23 19:00:00,1934年日本侵略者把伪“满洲国”改为“满洲帝国”。中共满洲省委领导各阶层人民同日伪进行了可歌可泣的殊死斗争。第一册《初试锋芒》描写了日寇玉旨雄一被任命为哈尔滨警察厅顾问，为了打击这个侵略者的嚣张气焰，我地下党的领导者李汉超、王一民同志，带领共青团员罗世诚、肖光义等人同敌人进行了针锋相对的斗争。,https://www.bilibili.com/video/BV1zF411L7Uk,http://i1.hdslb.com/bfs/archive/8c3cafe82930311614e5fd159709ec75bf00ca8f.jpg
694,5,一本不需要介绍的书《西行漫记》,2022-05-23 12:00:37,,https://www.bilibili.com/video/BV1mF411L7ge,http://i1.hdslb.com/bfs/archive/d261e8de3e545d3919df5c85f6f1767cf8100335.jpg
4139,7,《失窃的甲骨文》，根据1980年芒果台拍摄的第一部连续剧改编的连环画,2022-05-22 19:00:00,这本连环画册是根据湖南电视台录制的电视连续剧《盾》第一、二集改编的。故事描写某市接连发生了“女尸”失踪和甲骨文失窃两起案件。刑侦科长毕坚通过深入细致的调查研究，觅踪寻迹，终于排除了犯罪分子布置的种种假象，粉碎了敌人的阴谋。使失窃的珍贵文物——朱书甲骨文又回到了人民手中。,https://www.bilibili.com/video/BV1tY4y167NY,http://i0.hdslb.com/bfs/archive/08adadba0a0d0674e332c5ed930941db7fd4dd12.jpg
6202,10,《黑三角》,2022-05-21 19:00:00,"《黑三角》电影由北京电影制片厂摄制于1977年，刘春霖、陈方千执导，张平、雷鸣、刘佳、凌元主演;这部影片通过我方公安人员侦破和截获""110号人防工程""机密情报的密码的经过，表现了我公安人员的机智、勇敢、和广大群众头脑中较高的警惕性，同时也表明国内外反动派时刻准备颠覆社会主义祖国的企图。其主要剧情为:我公安战士与国外派遣及暗藏的间谍进行斗争，最后一网打尽。我北方某城松滨市。敌特窃取我""110号人防工程机密""后，迅速将其转移到松滨市交通点，并立即通知了国外的特务机关，不想这一密码被我公安机关截获……",https://www.bilibili.com/video/BV1rU4y1m76y,http://i1.hdslb.com/bfs/archive/891c5b3f7193eee857c4f5c4189ba26a0c7feb4c.jpg
4457,44,为生活所迫而装扮猩猩，不知这本连环画是多少人童年的回忆？请看《幸福城》,2022-05-20 12:00:01,在西方一个资本主义国家里，失业工人杰克，在动物园老板的威逼利诱下，被迫装扮猩猩供人取乐。一天，杰克见妻子女儿来到动物园，他因过于激动从秋千架上摔进狮子山上。当一头狮子走来要吃他时，一件惊异的事情发生了。原来这头狮子也是一个名叫包勃的青年装扮的。他们当众脱掉兽皮和杰克的朋友亨利一起揭发了资本家的罪行。觉悟了的杰克，在亨利带领下，和妻子、女儿参加了反抗压迫的罢工游行。,https://www.bilibili.com/video/BV1jP4y1F7qB,http://i2.hdslb.com/bfs/archive/0c983f2cfeb27edaf6b4a4a5eb38096a2b5195ba.jpg
5820,10,金店被洗劫，五人丧命，请看民国时期，发生在邵阳的真实案件——《黄金案》,2022-05-19 19:00:00,一九四七年，在湖南邵阳县城发生了一宗奇案：衡阳分设在邵阳的永和金号，一天晚上突然保险柜被打开，藏于柜内的黄金、玛瑙、珍珠、银元等被洗劫一空，店铺被焚，经理和店员被害。当时在邵阳县任职的是人称“老虎县长”的徐君虎，他为民撑腰，冒死追查，历尽千难万险，终于一举破获了惨案真相，最后严惩了罪犯。此举当时震惊中外，民众一时传为美谈。金号惨案究竟是何人所为？老虎县长又是怎样伸张正义，冲破阻力，最后抓住了凶手？要详细了解其经过，就请看看这本根据当时的真实故事编绘的充满传奇色彩的《黄金案》。,https://www.bilibili.com/video/BV14v4y1N7Hr,http://i2.hdslb.com/bfs/archive/7e9612d2aebc0220ca8bfbf89f3c2d44ba4429b9.jpg
5592,10,《天国女帅》,2022-05-19 12:00:36,-,https://www.bilibili.com/video/BV1vU4y117Z8,http://i1.hdslb.com/bfs/archive/e0aab90a4af15a4e6538a4d07aafa6eb26bae502.jpg
17612,30,神秘而恐怖的喀尔巴阡古堡到底隐藏着什么秘密？,2022-05-18 19:00:00,,https://www.bilibili.com/video/BV1Sa411f7SA,http://i2.hdslb.com/bfs/archive/c77a21c5329573edfd86a04f9ee36112603e1168.jpg
6336,9,彩色连环画《画皮》,2022-05-18 12:00:01,,https://www.bilibili.com/video/BV1PZ4y1h7U3,http://i2.hdslb.com/bfs/archive/6bcc4f8fc03222c5d031a54be680bdcebc95f97f.jpg
7254,7,根据赤峰市天才痕迹专家马玉林事迹创作的连环画《追踪》,2022-05-17 19:00:00,"马玉林 （赤峰市公安局侦查员）
	
马玉林幼家贫，12岁给财主家扛小活、放羊。放羊时习练辨踪、跟踪本领。他虽未念过书，但很聪明，他以羊的大小、肥瘦、毛色、特性等体征为依据，经过长时间的观察、比较、琢磨，练出一手看蹄印，就能联想出羊的体态特征的硬功夫。所以他放羊很少查数，只要跟在羊群后面看蹄印，便知是否丢失，或丢了哪只，顺蹄印追踪，不论远近，准能找回。从此，他除常常找回自家的失羊外，也常帮助乡亲们找回丢失的牲畜。
	由于他对踪迹有异乎常人的敏感，渐渐地不但能追踪牛、马、羊，对人的脚印也极感兴趣，通过辨认人的",https://www.bilibili.com/video/BV1E54y1Z79w,http://i0.hdslb.com/bfs/archive/3d92b764dd2dd3f0ccdfce5d4bf8eb0df3a1ce2f.jpg
2700,15,美军妄图在烟台登陆，别看它们耀武扬威，其实就是纸老虎，请看连环画《剥去美军的画皮》,2022-05-17 12:00:00,日本鬼子投降後，1945年間，我人民解放軍解放了胶东半島的重要港口——烟臺市。這時，美國舰队打着“友好”的幌子開来了。他們施尽了恫嚇訛詐、欺騙無赖的手段，还勾結了打着国民黨旗號的伪军，妄想侵占烟臺。但是，在我軍政當局義正詞嚴的駁斥下，在我人民解放軍和廣大人民的抗議下，武装到牙齿的美國軍隊最後还是夹着尾巴溜了。,https://www.bilibili.com/video/BV1PS4y187ne,http://i0.hdslb.com/bfs/archive/bd91bf2a08345481479d80da1cf4158309c0175d.jpg
5424,8,《三断奇案》,2022-05-16 19:00:00,胭脂姑娘爱上了书生鄂秋隼，胭脂的好友王春兰托宿介成全这门婚事。喜开玩笑的宿介冒充鄂秋隼哄出胭脂一只绣鞋，不料因这只鞋引起一桩凶杀案，险些使鄂秋隼、宿介枉送性命。幸亏知府吴南岱两次重审此案，方昭雪了冤枉，使真凶归案。,https://www.bilibili.com/video/BV1B34y1h73M,http://i1.hdslb.com/bfs/archive/4de7b908e2baca8876b4d5f37276104686035683.jpg
7193,18,两人被困杳无人迹的深山，一人患病死去，同伴把他安葬。第二天，发现他坐在桌前，再埋，再复活。结果，两个人都.......请看连环画《不断复活的旅伴》,2022-05-16 12:00:00,"一场暴风雪把两个旅游者卡尼和史蒂夫困在深山里。经过他们顽强的搏斗，终于在傍晚时分找到了一撞小木屋，两人在这里住下了。卡尼会拍电报，把他们的情况向附近市镇发了出去，但他得了肺炎，终于在电报机前死去。史蒂夫掩埋了卡尼。第二天早晨，又发现卡尼坐在电报机前、史蒂夫惊骇极了，他哆嗦着又掩埋了卡尼。第三天，又出现了这种情况……第四天，史蒂夫的精神崩溃了，终于拔出了手枪……。救护队赶来了。结果怎样呢？请你一页一页看下去，就会知道了。

看看简介就算了，连环画就不要看了，嘿嘿",https://www.bilibili.com/video/BV1EZ4y187vG,http://i1.hdslb.com/bfs/archive/cdbd10f48d0d5f3943abc091ac683c42a29e8a98.jpg
6583,103,另一个荆轲刺秦王的连环画《荆轲刺秦》,2022-05-15 19:24:50,-,https://www.bilibili.com/video/BV1554y1Z7Pr,http://i1.hdslb.com/bfs/archive/c251e9442f1805be2e1b4966c904f6573db0f269.jpg
150249,684,文革中的荆轲，文革后的荆轲，再对比张艺谋的《英雄》，对历史的理解或许就更深一点。请看连环画《秦王斩荆轲》与《荆轲刺秦》,2022-05-15 19:00:00,-,https://www.bilibili.com/video/BV1Ga411Y7kj,http://i0.hdslb.com/bfs/archive/c10d454a8b737ac99d82ccad1d777e0b9d81c638.jpg
3380,6,民间奇案之《假县官断案》,2022-05-14 13:19:00,洪城县县令是个嗜酒如命的昏官。一日，离家私奔，藏于城外枯井里的女子郑瑞珠失踪，井里却出现了一具无名男尸。县令乱判一通，将携同郑瑞珠私奔的秀才谢丹青定为凶手。谢母为子鸣冤，公差刘正、李才见义勇为，向县令提出借用乌纱帽三日重审此案。假县官刘正上任后，经过深入调查，终于查出真凶是县令前妻之弟王九，而死者却是县令后妻赵金花之父。刘正巧妙地利用了赵金花急于报仇的心理，阻止了县令有私庇护的企图，严惩了王九，也成全了一对有情人的美满姻缘。,https://www.bilibili.com/video/BV1mr4y187Pz,http://i0.hdslb.com/bfs/archive/3c2540f3de55b5c84bc0c887f7f30df8f1385876.jpg
4897,11,民间奇案之《巧断黄鳝案》,2022-05-13 19:00:00,宋朝，杭州城外张家庄发生一起命案。张云秀吃黄鳝后，七窍流血，一命呜呼。府台王敦认定是张妻李秋英下毒，药死亲夫，另觅新欢。接任的苏东坡对此案另有所疑，寻经据典，查出毒物为望月鳝，并以此顺藤摸瓜，抓赃获证，最后抓住了真正的凶手，纠正了冤案。,https://www.bilibili.com/video/BV1Ur4y187ys,http://i0.hdslb.com/bfs/archive/e093a3d8579913bc19208ea3aed31ee7f0db6157.jpg
1995,2,渔民抓特务《二〇四号渔船》,2022-05-13 12:00:00,一艘分区单独作业的渔船，在广东沿海海面上，遇到八个美蒋武装特务。匪徒们威胁利诱，要船上三位渔民送他们去香港。三渔民机智勇敢，将计就计，在最紧要的关头，将武装匪特一网打尽。,https://www.bilibili.com/video/BV11Y411A7gU,http://i2.hdslb.com/bfs/archive/d270e00614062fccdb371f8e27385ad0e0e71c3e.jpg
1364,4,白玉观音被盗，是”糖“盗窃吗？还是“甜”？虽然他们都喜欢文物，但是——请看重新配音的《刑警803之白玉观音》,2022-05-13 11:34:23,,https://www.bilibili.com/video/BV1cT4y1z7SV,http://i2.hdslb.com/bfs/archive/def3205e3facf0c5516488460a44d06baf07bb57.jpg
4229,7,民间奇案之《花烛夜疑案》,2022-05-12 19:00:00,柳雁高高兴兴地娶了俊俏的裘莲姑娘为妻，可新婚的第二天，却发现新娘子死在地上，柳雁也不知去向。裘父认定是柳雁杀死裘莲，到县衙控告柳父纵子行凶。县官下令开棺验尸，棺中竟是一个被杀的中年汉子，新娘尸首也不翼而飞。这扑朔迷离的案子，引来了一个忠肝义胆的义士，一个疾恶如仇的少年英雄和一个杀人不眨眼的盗贼……。结局出人意料，令人击节称赞，感慨万端。,https://www.bilibili.com/video/BV1ET4y167ZD,http://i1.hdslb.com/bfs/archive/ab5eede8a2c0dae1660e25f6a83613fb566add15.jpg
824,7,看看那个时候人的精气神，反映根治海河的连环画《雪夜红灯》,2022-05-12 12:00:00,"中华人民共和国成立后，毛泽东主席发出了""一定要根治海河""的号召。自1958年开始，海河流域人民按照统一规划、综合治理的方针，从上游到下游，从支流到干流，对海河水系进行了全面根治。上百万治河大军包括中小学生、家庭妇女也挥锨上阵，完成了大大小小一系列整修工程，从根本上对海河进行了治理，终于使海河旧貌换新颜。",https://www.bilibili.com/video/BV1C3411P799,http://i2.hdslb.com/bfs/archive/902af7aa737e586fe5f1667833bb0d4a72a48e08.jpg
3309,7,民间奇案之《慧眼雪沉冤》,2022-05-11 19:00:00,恶霸伍天禄谋田害命，王提刑和仵作贪赃枉法，纵容凶犯杀夫夺妻，连害四命。千古奇冤，谁与昭雪？宋提刑新官上任，明察秋毫，为民请命，终于将罪犯绳之以法。,https://www.bilibili.com/video/BV1Yv4y1K7fu,http://i2.hdslb.com/bfs/archive/45a7a752e0041dc22eaad7baf0b9488fe5cfea55.jpg
1303,4,《包公除奸》,2022-05-11 12:00:00,,https://www.bilibili.com/video/BV19R4y1w7Bd,http://i0.hdslb.com/bfs/archive/49e3e6d9a8622b2a629515518b7b1443ebfc236b.jpg
6194,33,诱惑，让纯朴的女工堕落，流氓骗子，害人终害己，请看连环画《她上了圈套》,2022-05-10 19:00:00,傅宝娣是一个青年女工，由于她觉悟不高，受了资产阶级腐朽思想的侵蚀，上了流氓王开生的圈套。王开生是一个流氓集团的首恶分子，他用卑鄙的手段玩弄和欺骗她。意志薄弱的傅宝娣，后来竟沦为小偷和“地下舞女”，还做了不法分子的帮凶。,https://www.bilibili.com/video/BV1aS4y187dM,http://i1.hdslb.com/bfs/archive/5a5e0e2921adafddecacf959cab94bc9be858576.jpg
189841,88,特别提醒:观看不要带耳机，不要夜晚一个人观看，恐怖的叫声会……根据文革流行恐怖手抄本改编的连环画《恐怖的脚步声》，让人毛发悚然，结局出人意料,2022-05-10 12:00:00,上世纪70年代末，笔者儿时听人讲故事，当时听的是毛发悚然，夜不能寐。后来年长些了解到，这是文革时代在全国流行的手抄本之一，名为《恐怖的脚步声》。由于故事跌宕离奇，充满悬念，惊悚恐怖，因而极受听者欢迎。,https://www.bilibili.com/video/BV19a411a7dN,http://i2.hdslb.com/bfs/archive/4ee83081d845c07e95b818a4c199bf518036471f.jpg
4100,12,一个漂亮的女子，旅游来到一个村子，遇到绿色怪物，请看连环画《绿魔》,2022-05-09 19:00:00,内容提要：在一个荒僻的山村里，突然出现一个全身发绿的畸形怪物。这怪物凶残狂暴地杀光山村的居民。唯一目睹这场灾难又死里逃生的小女孩长井赖子，却因遭受极大刺激而丧失记忆。这造成了一桩无头公案，引出一系列错纵复杂、惊心动魄的迷案。,https://www.bilibili.com/video/BV1M3411T7x8,http://i0.hdslb.com/bfs/archive/27e2df35f26fff1f6395ae22311a7f4f6ca3571d.jpg
1103,6,难道长得丑就不能娶漂亮媳妇？请看连环画《夺锦楼》,2022-05-09 12:00:00,在旧社会，“父母之命，媒妁之言”的买卖婚姻，不知葬送了多少青年男女的青春！婚姻自主，又有多少青年为之而奋斗。《夺锦楼》这个故事，从侧面反映了古代青年的这一美满的理想。,https://www.bilibili.com/video/BV1aa411a7EF,http://i2.hdslb.com/bfs/archive/c4bf58b63b1cc13caaa18ba2fcddca12664fc55d.jpg
1953,7,为了找到凶手，父亲假死，留下遗嘱，以两个儿子做诱饵，结果儿子双双殒命，女护士将成为遗产继承人，请看刑侦连环画《迷宫之门》下,2022-05-08 19:00:00,,https://www.bilibili.com/video/BV1DA4y1D75P,http://i0.hdslb.com/bfs/archive/cc3c27ed73d295091a1f3319d0c7a6383c38c43d.jpg
2416,23,为了找到凶手，父亲假死，留下遗嘱，以两个儿子做诱饵，结果儿子双双殒命，女护士将成为遗产继承人，请看刑侦连环画《迷宫之门》上,2022-05-07 19:00:00,,https://www.bilibili.com/video/BV1HF411T7of,http://i1.hdslb.com/bfs/archive/6961065e37d8f429a864efa054760f5ca481677b.jpg
2330,15,恐怖分子囚禁一大批科学家，要做什么？惊险连环画《恐怖的城堡》,2022-05-06 19:00:00,,https://www.bilibili.com/video/BV1Ru411671q,http://i1.hdslb.com/bfs/archive/3385d4d66f63ba4c09ab49c917ad108236caddad.jpg
1743,0,1977年出版的反特连环画《马刀》，看老英雄如何抓特务,2022-05-06 12:00:00,用战无不胜的毛泽东思想武装起来的草原人民，在我国北部边疆筑起了钢铁长城。但是，阶级敌人总是进行捣乱破坏。陈有财这个穷凶极恶的特务，妄图给社会帝国主义这个新主子送情报，叛国投敌，自以为得计。可是他和一切敌人一样，搬起石头砸了自己的脚，在我边防军民筑起的钢铁长城上，碰得粉身碎骨。,https://www.bilibili.com/video/BV1JU4y1U7ZM,http://i1.hdslb.com/bfs/archive/4631f788be6454cd93124635e5b4d358181ddd45.jpg
3319,10,戴手铐的旅客（下）,2022-05-05 19:00:00,,https://www.bilibili.com/video/BV1b3411M7T1,http://i1.hdslb.com/bfs/archive/63f7b7e80aaca1c71a8c7cc0ae7d4c1b0dc4d067.jpg
3676,28,泥瓦匠被杀，凶手又放了一把火，宋慈半夜接到报案，天不亮就将凶手擒获，请看《焦尸案》,2022-05-05 12:00:00,,https://www.bilibili.com/video/BV1gU4y1U72M,http://i2.hdslb.com/bfs/archive/85558ecfe142998501aed7cde01cd6baf8799b5c.jpg
6154,12,戴手铐的旅客（上）,2022-05-04 19:00:00,,https://www.bilibili.com/video/BV14r4y1J7oM,http://i0.hdslb.com/bfs/archive/aae9cbf9cad17228fa97044128655ea1ee0819ba.jpg
11442,129,1975年出版的连环画，看看那时候的群众，真猛！《铜墙铁壁》,2022-05-04 12:00:00,,https://www.bilibili.com/video/BV1z34y1a77f,http://i2.hdslb.com/bfs/archive/2c2f23e11bb2ba6fde907249dd4f008bce6575dd.jpg
2607,5,侦查员李明用了十几年的时间苦苦寻找，五粒蝴蝶扣到底隐藏着什么秘密？请看反特连环画《五粒蝴蝶扣》下集,2022-05-03 19:00:00,,https://www.bilibili.com/video/BV1zL4y1V7Xe,http://i0.hdslb.com/bfs/archive/dfaa5949f7436e010079c03c603197417978ece0.jpg
1576,3,要了解1975年的民兵是什么形象，请看连环画《红色尖兵》,2022-05-03 12:00:00,,https://www.bilibili.com/video/BV1fY411w7aQ,http://i1.hdslb.com/bfs/archive/8e2c480c34647a3b08f3e3d0eb2fe7ad288dbe64.jpg
2842,7,侦查员李明用了十几年的时间苦苦寻找，五粒蝴蝶扣到底隐藏着什么秘密？请看反特连环画《五粒蝴蝶扣》-上集,2022-05-02 19:00:00,,https://www.bilibili.com/video/BV1W34y1e77B,http://i2.hdslb.com/bfs/archive/029894ca8865af8ece9abd9f113a9f0eeaeae1ee.jpg
5851,7,五十年代反特连环画《27号谍报员》,2022-05-02 12:00:00,,https://www.bilibili.com/video/BV1yF411T76j,http://i0.hdslb.com/bfs/archive/c5c3c9e4dc49e983a33feb3121779060438f11eb.jpg
1058,0,《包公案》之《青粪》,2022-05-02 10:33:49,,https://www.bilibili.com/video/BV1t44y137GQ,http://i2.hdslb.com/bfs/archive/baec6b5745e27f3e7c48cee649c9d7cc1011e2eb.jpg
756,1,《包公案》之《审遗嘱》,2022-05-02 10:33:13,,https://www.bilibili.com/video/BV1G541127zH,http://i0.hdslb.com/bfs/archive/ca2ae1bccd6368859b5edb388894bd39e17eed4e.jpg
789,0,《包公案》之《骗马》,2022-05-02 10:30:05,,https://www.bilibili.com/video/BV1pF411T7Ru,http://i0.hdslb.com/bfs/archive/d2bd86b624c0b6dfc4015b9ffdf100630946c275.jpg
814,0,《包公案》之《鹿随獐》,2022-05-02 10:29:23,,https://www.bilibili.com/video/BV1LU4y1U7X7,http://i1.hdslb.com/bfs/archive/da3cce60e997e492527825886e9435ab3020e081.jpg
837,0,《包公案》之《黑痣》,2022-05-02 10:27:32,,https://www.bilibili.com/video/BV15Y4y1h7T9,http://i0.hdslb.com/bfs/archive/f64b20eaa0b6c4cb90c557c059cb07e6a8db2471.jpg
842,2,《包公案》之《房门谁开》,2022-05-02 10:26:22,,https://www.bilibili.com/video/BV1ST4y1r7H5,http://i1.hdslb.com/bfs/archive/0d6f3f071e2ea300f4c9597f16bde63b5353658a.jpg
777,0,《包公案》之《夺伞破伞》,2022-05-02 10:25:05,,https://www.bilibili.com/video/BV15F411T7bm,http://i2.hdslb.com/bfs/archive/706f10bce1d80079689ad6f25b9d86a29b574274.jpg
785,0,《包公案》之《斗粟三升米》,2022-05-02 10:23:52,,https://www.bilibili.com/video/BV1xu411C7cp,http://i2.hdslb.com/bfs/archive/a03e2ce9744afff3854d76aab66000f42427b766.jpg
749,4,《包公案》之《扯画轴》,2022-05-02 10:22:59,,https://www.bilibili.com/video/BV1T44y137qZ,http://i2.hdslb.com/bfs/archive/74a0d732cb4c79bdcf31b200a4e7eac5c940a6f0.jpg
911,0,《包公案》之《白塔寺》,2022-05-02 10:21:59,,https://www.bilibili.com/video/BV12A4y1D7JW,http://i2.hdslb.com/bfs/archive/be9cb62648e20de3d8ecb4a26a040fa01ab816fc.jpg
886,2,《包公案》之《血衫叫街》,2022-05-02 10:19:59,,https://www.bilibili.com/video/BV1Ea411a7Ye,http://i1.hdslb.com/bfs/archive/11772b931d4707890cbaffae7f41904af9fb457a.jpg
3338,19,《李道人独步云门》,2022-05-01 19:00:00,,https://www.bilibili.com/video/BV1RY4y1a7SN,http://i1.hdslb.com/bfs/archive/d055bb7e94d970ebdf12e13437142c6d12b28f30.jpg
956,1,《包公案》之《三官经》,2022-05-01 09:34:17,,https://www.bilibili.com/video/BV1sS4y1w7fC,http://i0.hdslb.com/bfs/archive/9d6ab25b87c1a79b9fdca5ec8c68531068f00bcf.jpg
921,0,《包公案》之《阿弥陀佛讲和》,2022-05-01 09:32:31,,https://www.bilibili.com/video/BV1EF411T787,http://i2.hdslb.com/bfs/archive/88e0862646df96948b686be026c90a0e73776748.jpg
916,3,《包公案》之《栽赃》,2022-05-01 09:30:09,,https://www.bilibili.com/video/BV1vF411T7Es,http://i2.hdslb.com/bfs/archive/53ef1b8c519cc4f97cbd6ab754acfa85767dda3e.jpg
909,2,《敌后武工队》第六集《庆胜利群魔伏诛》,2022-04-30 19:00:00,,https://www.bilibili.com/video/BV1Vi4y1U7zw,http://i1.hdslb.com/bfs/archive/9f4beda55c3d714f3bb0c8e450a3c298bc4cff0b.jpg
1422,1,《包公案》之《厨子做酒》,2022-04-30 12:00:00,,https://www.bilibili.com/video/BV1c3411K7Qe,http://i0.hdslb.com/bfs/archive/b19541a23315e0d526a8b96df03eaef16e3faf92.jpg
708,2,《敌后武工队》第五集《杨子曾出奇制胜》,2022-04-29 19:00:00,,https://www.bilibili.com/video/BV1Tr4y1H7gg,http://i0.hdslb.com/bfs/archive/eb01e855adbaa5e736debd7e8db651d997793124.jpg
1201,1,《包公案》之《红衣妇》,2022-04-29 12:00:00,,https://www.bilibili.com/video/BV1HY4y1Y7Bu,http://i2.hdslb.com/bfs/archive/0d0c575ed9dbcaaa27daef05215290a12c632eac.jpg
1786,5,《敌后武工队》第四集《入虎穴活捉哈巴狗》,2022-04-28 19:00:00,,https://www.bilibili.com/video/BV1BS4y1Y7Yo,http://i2.hdslb.com/bfs/archive/34e472757d755cb09d8bb2f9c380176500015fb8.jpg
1133,1,《包公案》之《兔戴帽》,2022-04-28 12:00:00,,https://www.bilibili.com/video/BV1cT4y1Y7as,http://i2.hdslb.com/bfs/archive/fa6182b50427c868b534a72a4aa21af6f061f563.jpg
1801,2,《敌后武工队》第三集《大闹南关火车站》,2022-04-27 19:00:00,,https://www.bilibili.com/video/BV12Y4y1e7zr,http://i1.hdslb.com/bfs/archive/10946953af93c941eafbd0113f9674bfc1787c69.jpg
1491,0,《包公案》之《黄菜叶》,2022-04-27 12:00:00,,https://www.bilibili.com/video/BV1di4y1276f,http://i2.hdslb.com/bfs/archive/7983fab02efecd9d32a5dcdd6ef5de9d1bc6b1aa.jpg
1091,1,《敌后武工队》第二集《侯扒皮一枪毙命》,2022-04-26 19:00:00,,https://www.bilibili.com/video/BV1VY4y1p7UU,http://i0.hdslb.com/bfs/archive/49ac2edcf3158ba63019d58a6679221135320e1f.jpg
2042,5,《包公案》之《石狮子》,2022-04-26 12:00:00,,https://www.bilibili.com/video/BV1xS4y1c7QY,http://i1.hdslb.com/bfs/archive/ec8eaf05e9c7b370695837d4c7beda61ce48d575.jpg
2136,12,《敌后武工队》第一集《刘太生小屯遇险》,2022-04-25 19:00:00,,https://www.bilibili.com/video/BV1AY4y1v7yN,http://i1.hdslb.com/bfs/archive/534f06de9138c4cc87ee2beb31063ad9ecad40ae.jpg
1171,3,短故事《鲍鱼》,2022-04-25 12:00:00,,https://www.bilibili.com/video/BV1TY4y187Tv,http://i2.hdslb.com/bfs/archive/0ea050e94308c24fbc2a11f440cad4ed082a1062.jpg
1187,2,《三言二拍》故事《包龙图智赚合同文》,2022-04-24 19:00:00,,https://www.bilibili.com/video/BV1vA4y197Br,http://i2.hdslb.com/bfs/archive/0d423ca88d777e79c27594e5a516307d160a9b32.jpg
1597,3,五十年前出版的越南抗美战争连环画《狠揍美国强盗》,2022-04-24 12:00:00,,https://www.bilibili.com/video/BV1DS4y1h7tq,http://i1.hdslb.com/bfs/archive/9b8bfcd66100ea4ce11c719e789b2c0b903c3a48.jpg
934,7,《金陵大盗》第十集《七卡拉钻戒》,2022-04-23 19:00:00,,https://www.bilibili.com/video/BV1234y1v7Qi,http://i0.hdslb.com/bfs/archive/9e34f63637bdf288b34519ac4126dd5a7e002f50.jpg
2286,2,奇案《打棍出箱》,2022-04-23 12:00:00,,https://www.bilibili.com/video/BV1oY4y1a75z,http://i1.hdslb.com/bfs/archive/315b50b9b6219cd5b31143c42e0fe05cc3dcd57c.jpg
938,8,《金陵大盗》第九集《朱家黄金案》,2022-04-22 19:00:00,,https://www.bilibili.com/video/BV1ru411C7tW,http://i1.hdslb.com/bfs/archive/9f298e32ef913c867b11794ff7db6c9559f51c29.jpg
616,13,五十七年前出的连环画《资产阶级罪恶录》,2022-04-22 12:23:00,,https://www.bilibili.com/video/BV1b44y1G7QF,http://i2.hdslb.com/bfs/archive/10bc049da756d2f72fa14819ee755715ec5cdc70.jpg
869,6,《金陵大盗》第八集《玄武湖命案》,2022-04-21 19:00:00,,https://www.bilibili.com/video/BV18Y411j7R9,http://i1.hdslb.com/bfs/archive/f22837ac19e5c59ad5f870725010f1c6cf0e6d94.jpg
11052,24,挺有有趣的两个刑侦小故事《雪花牌软糖的秘密》,2022-04-21 12:00:29,,https://www.bilibili.com/video/BV12R4y1N7c2,http://i0.hdslb.com/bfs/archive/42809098704cd5d44a55483d568cde03ac1b471e.jpg
722,2,《金陵大盗》第七集《保险箱被盗》,2022-04-20 19:00:00,,https://www.bilibili.com/video/BV1ZA4y197Jc,http://i1.hdslb.com/bfs/archive/b30bb915e2cedeae87147c8d80fd8140453a417e.jpg
1636,4,刑警皇甫煜02——邮花皇后之谜（下册）,2022-04-20 12:00:00,-,https://www.bilibili.com/video/BV1mr4y1H7Je,http://i1.hdslb.com/bfs/archive/666db1a23176888e584a2891a9f126dfe9244cb8.jpg
791,1,《金陵大盗》第六集《害人终害己》,2022-04-19 19:00:00,,https://www.bilibili.com/video/BV1Ra411e7rB,http://i1.hdslb.com/bfs/archive/62bdebf80b04c6a5db1139b891b92b022e89c8ce.jpg
2069,1,刑警皇甫煜01——邮花皇后之谜（上册）,2022-04-19 12:00:00,-,https://www.bilibili.com/video/BV1f44y137kG,http://i0.hdslb.com/bfs/archive/ce953086bb3636b16623800f5385930ca210ebd9.jpg
998,4,《金陵大盗》第五集《智破案中案》,2022-04-18 19:00:00,,https://www.bilibili.com/video/BV1sF411g7UK,http://i2.hdslb.com/bfs/archive/3b27ff97fa7c2564d3b4fcb35c8205a00ff5d4fe.jpg
402,3,雨果名著《笑面人》下,2022-04-18 12:00:00,,https://www.bilibili.com/video/BV1G94y1o7vF,http://i0.hdslb.com/bfs/archive/b6c82240f8f88cf809b854458522eda82ffc9bbd.jpg
961,7,《金陵大盗》第四集《飞贼闹京城》,2022-04-17 19:00:00,,https://www.bilibili.com/video/BV1bB4y1U75M,http://i0.hdslb.com/bfs/archive/9262e5179238237321d4093f5fa0b6960e8fd5ae.jpg
376,2,雨果名著《笑面人》（中）,2022-04-17 12:00:00,,https://www.bilibili.com/video/BV1k94y1d7Mn,http://i1.hdslb.com/bfs/archive/e6e2383bb583885cc0c8a3d958b15306798cd5e1.jpg
993,4,《金陵大盗》第三集《黑心人之死》,2022-04-16 13:10:00,,https://www.bilibili.com/video/BV1nF411g7Vw,http://i0.hdslb.com/bfs/archive/8c129b9c671c2adc650a6d19646e71f3ad98041c.jpg
639,4,雨果名著《笑面人》（上）,2022-04-16 12:00:00,,https://www.bilibili.com/video/BV1XS4y1w7WQ,http://i0.hdslb.com/bfs/archive/09352f69011dc15c18fcd0a2e027910d7813bda9.jpg
585,4,出山第一案01,2022-04-16 11:50:03,,https://www.bilibili.com/video/BV1jB4y1U7MM,http://i0.hdslb.com/bfs/archive/dddd561d44a060bca0c5452d59bc36363f6cdbb2.jpg
1056,4,《金陵大盗》第二集《马歇尔丢车》,2022-04-15 19:00:00,,https://www.bilibili.com/video/BV1bS4y1Y7Ls,http://i0.hdslb.com/bfs/archive/121f8ff6b3cf273a9e7b79757ae792d608d66304.jpg
3163,4,《蔷薇花案件》下集,2022-04-15 12:00:00,,https://www.bilibili.com/video/BV1qY4y1H72Z,http://i2.hdslb.com/bfs/archive/7a11943a065b5331ff68cbeac51cde5415f2f598.jpg
2349,7,《金陵大盗》第一集《女贼落网记》,2022-04-14 19:00:00,,https://www.bilibili.com/video/BV1XL4y157G8,http://i2.hdslb.com/bfs/archive/273276334e99ba030336e45b603f2bb6d0df2aa4.jpg
3271,6,重新配音《蔷薇花案件》中集,2022-04-14 12:00:00,,https://www.bilibili.com/video/BV1rq4y1a7pX,http://i1.hdslb.com/bfs/archive/afe3d460f0f8841f4727be0eeb2026594319b4f8.jpg
1894,1,三言二拍故事：《女秀才移花接木》,2022-04-13 19:00:00,,https://www.bilibili.com/video/BV1rL4y1j7no,http://i0.hdslb.com/bfs/archive/5d6232fa7a01015c374e6956e0dce42ce31a6148.jpg
5652,13,重新配音的《蔷薇花案件》上集,2022-04-13 12:00:00,,https://www.bilibili.com/video/BV1iZ4y12759,http://i0.hdslb.com/bfs/archive/f2918ea9fa64ce8d025f8cdad37ff55a929e5166.jpg
1874,10,刑警队长（下）,2022-04-12 19:00:00,,https://www.bilibili.com/video/BV1N94y1d7Wd,http://i0.hdslb.com/bfs/archive/e7da280c8cb99922b1a1dc2ca33b21485e967598.jpg
1496,10,笑面狼于洛九,2022-04-12 12:00:00,,https://www.bilibili.com/video/BV1EA4y197Sj,http://i2.hdslb.com/bfs/archive/ebb7de97155317ca8eb215814df65a84089622e9.jpg
3876,25,刑警队长（上）,2022-04-11 19:00:00,,https://www.bilibili.com/video/BV1tY4y1i7Jy,http://i2.hdslb.com/bfs/archive/6eb99627584d9d02fe5f532770f504cbd21d5e4c.jpg
1613,5,凶手,2022-04-11 12:00:00,,https://www.bilibili.com/video/BV1x5411U7az,http://i0.hdslb.com/bfs/archive/e728d0a60bf644ca4ee0ff97b00f90d5518d455e.jpg
1346,14,《罪恶的牟二黑》,2022-04-10 19:00:00,,https://www.bilibili.com/video/BV1bF41137Vh,http://i1.hdslb.com/bfs/archive/1ad3390b8c7bf2c870d1c2b2bc7e1b93798148ad.jpg
736,3,雪夜翻山送情报,2022-04-10 12:00:00,,https://www.bilibili.com/video/BV1EZ4y127vn,http://i1.hdslb.com/bfs/archive/ca6177af2a0cd707cc9939b12a50b189a26e72c8.jpg
1590,3,《海岛魔窟》,2022-04-09 19:00:00,,https://www.bilibili.com/video/BV1oY4y1p7xW,http://i1.hdslb.com/bfs/archive/6b1736c8721d871e644c347873e55254801ddeb2.jpg
4141,4,《小红擒敌》——了解了刘文学的事迹，或许就理解了小红,2022-04-09 12:00:00,"刘文学（1945年2月—1959年11月18日），男，汉族，	重庆市	合川区	渠嘉乡	双江村	人，岀身	贫农	，从小受地主老财欺压，直到解放，他们全家才过上好生活。 1952年9月刘文学入双江村小学学习，1957年加入	中国少年先锋队	，1959年11月18日晚，为维护集体利益，年仅14岁的刘文学被杀。
	
    2009年9月14日，他被评为	100位新中国成立以来感动中国人物	之一。",https://www.bilibili.com/video/BV1Na411q7fk,http://i2.hdslb.com/bfs/archive/c10a700fb59447958958f80f03b8273b7e0aff70.jpg
1440,4,《血战大白鲨》,2022-04-08 19:00:00,,https://www.bilibili.com/video/BV1eY4y1v7Z5,http://i2.hdslb.com/bfs/archive/841d23309fa5abe6e77fcebd41b8571ada4de708.jpg
3645,11,重新配音的《春江谍影》,2022-04-08 12:00:00,,https://www.bilibili.com/video/BV1bZ4y1U76c,http://i0.hdslb.com/bfs/archive/215c77b6c5fed1bb9fa3bc1bb0ea441dc9cdc069.jpg
2386,1,二战谍战连环画《沙漠谍影》,2022-04-07 19:00:00,,https://www.bilibili.com/video/BV1G5411S7nx,http://i1.hdslb.com/bfs/archive/6922bc54492f7a0ea84d043b224ef540018c3759.jpg
584,1,《大西洋底来的人》之十《鹰神》,2022-04-07 12:00:00,,https://www.bilibili.com/video/BV1UY4y1q7L5,http://i1.hdslb.com/bfs/archive/47712b7987ef81cc6ce017585bf999318c0cfb00.jpg
1569,13,放松一下，来一部轻松的爱情喜剧故事《错中错》,2022-04-06 19:00:00,,https://www.bilibili.com/video/BV1s5411S7WW,http://i0.hdslb.com/bfs/archive/c9997a6961a9292a45b106b1c6089de12e13e2ea.jpg
397,2,《大西洋底来的人》之九《寻找流失的海水》,2022-04-06 12:00:00,,https://www.bilibili.com/video/BV1n3411H7HL,http://i2.hdslb.com/bfs/archive/6ff47e9128cb9e773c5dba7aba4503308ab0656e.jpg
340,4,中国股市更适合价值投资,2022-04-05 21:11:29,,https://www.bilibili.com/video/BV1zS4y117sB,http://i2.hdslb.com/bfs/archive/5eff8f469881f57430f77817e10eeab5263d73e2.jpg
7244,3,《103落网记》,2022-04-05 19:00:00,,https://www.bilibili.com/video/BV1ma411x7Pj,http://i2.hdslb.com/bfs/archive/d02f3919001122454e987895109c84d1ff188409.jpg
414,3,《大西洋底来的人》之八《“三人行动”案件》,2022-04-05 12:00:00,,https://www.bilibili.com/video/BV1xF411s7Mn,http://i2.hdslb.com/bfs/archive/ea7193daf8339dbe60a2ed05ed8d97d539db7b4f.jpg
1699,6,重新配音的《白盈盈之死》,2022-04-05 10:02:10,,https://www.bilibili.com/video/BV1Fq4y1a73j,http://i2.hdslb.com/bfs/archive/2a7f2806925f414024d7564f2f9e118f5da0e466.jpg
3554,13,真实的丹阳教案，创作的《捣毁美人窟》,2022-04-04 19:00:00,"光绪十七年（1891）四月二十五日，江苏	丹阳	县人民发现教会墓地埋葬儿童尸首七十余具，育婴堂内亦无一活婴，遂产生公愤，群起将教堂焚毁。官府速派兵弹压。激起邻县无锡、金匮、阳湖、	江阴	、	如皋	等县，反洋教反满清斗争。


        清朝末年，英国传教士托马斯打着传教的晃子，在我国南方某城市设立了一个专用妇女制造毒品的实验所，美其名日“东方美人窟”，奸淫、残害中国妇女。某果园主慕容均的妻子受害身亡，其独女楚楚又不幸被劫入窟......

     失去了善良，不过是披着宗教外衣的恶魔。",https://www.bilibili.com/video/BV1M94y1Z7b5,http://i2.hdslb.com/bfs/archive/e23b981496216244e0d07be39e5eed4b3888cb2a.jpg
415,1,《大西洋底来的人》之七《美人鱼的歌声》,2022-04-04 12:00:00,,https://www.bilibili.com/video/BV153411H7Uw,http://i2.hdslb.com/bfs/archive/10dd3688af8b4546be3089a1b6709b719dea2d26.jpg
4220,12,《“赌国王后”牌软糖》,2022-04-04 11:38:00,,https://www.bilibili.com/video/BV1ZL4y177Gc,http://i2.hdslb.com/bfs/archive/cd5ecccc26c85f8f450bae75bfcafc7fcb9bc03a.jpg
3897,8,《雪夜擒谍》,2022-04-03 19:00:00,,https://www.bilibili.com/video/BV113411n7ih,http://i1.hdslb.com/bfs/archive/0f7f4e80d4135af6eba2bb37e86dc237b3fab339.jpg
409,1,《大西洋底来的人》之六《加鲁岛上风波》,2022-04-03 12:00:00,,https://www.bilibili.com/video/BV1g44y1P7R4,http://i2.hdslb.com/bfs/archive/383a00d68c8682f68a33602b6cfab56a8a5960f8.jpg
342,1,来个早点时候看一看的短篇连环画《小柱头智送鸡毛信》,2022-04-03 08:02:50,,https://www.bilibili.com/video/BV1AY4y1W7gZ,http://i0.hdslb.com/bfs/archive/3234515605f03ba2255829a0948ddebd7488be37.jpg
3323,3,《银肖山擒特记》,2022-04-02 19:00:00,,https://www.bilibili.com/video/BV1P3411W7xb,http://i0.hdslb.com/bfs/archive/e2d8a4c049218fd63b9e3904bc168ef72b520504.jpg
1126,3,《大西洋底来的人》之五《海底魔瓶》,2022-04-02 12:00:00,,https://www.bilibili.com/video/BV1k94y1o7Af,http://i0.hdslb.com/bfs/archive/3699cd2a7f0e1b53d98bcc325256b9d3b7b29b59.jpg
10172,5,《一网打尽》,2022-04-01 19:00:00,,https://www.bilibili.com/video/BV1dZ4y1B7cW,http://i0.hdslb.com/bfs/archive/9833096e5a6f9a4ae6f40a12cc454f2fda7f578a.jpg
529,3,《大西洋底来的人》之三《楚科奇海底的秘密》,2022-04-01 12:00:00,,https://www.bilibili.com/video/BV1cY4y1B7ig,http://i2.hdslb.com/bfs/archive/a463ffc4d3d96c875fffd54fe19b2ca527eba34a.jpg
438,2,《大西洋底来的人》之四《地脚镇的枪声》,2022-04-01 12:00:00,,https://www.bilibili.com/video/BV1g3411H79F,http://i1.hdslb.com/bfs/archive/8a4c6171a4d66635dcc4cf925f041bcca46c4878.jpg
2980,5,《钢铁边防线》,2022-03-31 19:00:00,,https://www.bilibili.com/video/BV1du411q73e,http://i1.hdslb.com/bfs/archive/de0442ed83ec6390ed5b13244afe52c2366d0413.jpg
1025,5,《大西洋底来的人》之二《不速之客》,2022-03-31 12:10:00,,https://www.bilibili.com/video/BV1TP4y1M7GN,http://i2.hdslb.com/bfs/archive/9e48d269ebf1ad67f203c0a81f5b42503d8fd317.jpg
9344,36,《东洋女谍》,2022-03-30 19:00:00,,https://www.bilibili.com/video/BV1YU4y1d7W6,http://i2.hdslb.com/bfs/archive/40a951ad217f5bdd0348a051341374f363021bb1.jpg
2056,14,《大西洋底来的人》之一《巴林海滩斗水母》,2022-03-30 12:00:00,,https://www.bilibili.com/video/BV1GP4y1M7pW,http://i0.hdslb.com/bfs/archive/a1a41d0f66f835bea016e7ff014f6d6d1fe1ac94.jpg
3166,37,谁说科学无国界？请看《黑死案》,2022-03-29 19:00:00,,https://www.bilibili.com/video/BV1Da411t7Rv,http://i0.hdslb.com/bfs/archive/500288fff29a54f2078c339aca146555aefb59d1.jpg
3931,12,短篇反特故事《逮熊》,2022-03-29 12:00:00,,https://www.bilibili.com/video/BV19Z4y1B7BY,http://i1.hdslb.com/bfs/archive/ad1a18cbf3046c56da5decf49ffd9529a3009c69.jpg
11273,14,刑侦故事《凶手是谁？》,2022-03-28 19:00:00,,https://www.bilibili.com/video/BV1QL4y1T724,http://i0.hdslb.com/bfs/archive/8b79fdd9feda4f3c534c8b4d1cc7bb96c7acff30.jpg
3135,6,《包公乔装破疑案》,2022-03-28 12:00:00,,https://www.bilibili.com/video/BV1Yq4y1Y7C3,http://i2.hdslb.com/bfs/archive/4efcdfc059201d11defe9e905a544ad60339b8f9.jpg
81259,201,清代奇案《剪刀案》,2022-03-27 19:00:00,,https://www.bilibili.com/video/BV1L3411s7aG,http://i2.hdslb.com/bfs/archive/e4c28079f6dc52994cb2ae6dcd5a4da2da6e4c26.jpg
833,3,彩色电影连环画《西部世界》,2022-03-27 12:00:00,,https://www.bilibili.com/video/BV1eS4y127nV,http://i2.hdslb.com/bfs/archive/295d41024e439fc66250b2921aacb57e42d77ad5.jpg
2128,8,谍战连环画《一颗铜纽扣》第三集：撤离,2022-03-26 19:00:00,,https://www.bilibili.com/video/BV1HS4y1u7NT,http://i1.hdslb.com/bfs/archive/c2c685d51f4bf104bc7980f293fc3e7d61623cff.jpg
1712,7,短篇连环画《西瓜计》,2022-03-26 12:00:00,,https://www.bilibili.com/video/BV16S4y1272P,http://i2.hdslb.com/bfs/archive/a86cbf8f794462549e3d6b0f5dd14544ac59d0b2.jpg
2631,8,谍战连环画《一颗铜纽扣》第二集：周旋,2022-03-25 19:00:00,,https://www.bilibili.com/video/BV15P4y1u7SW,http://i2.hdslb.com/bfs/archive/db9249fec8b12673e05ac3e54fa8f2d0021c8696.jpg
14018,51,谍战连环画《一颗铜纽扣》第一集：艳遇,2022-03-24 19:00:00,,https://www.bilibili.com/video/BV1Pa41187mS,http://i0.hdslb.com/bfs/archive/56c8d5c50f33770e6f63199b877ba5fa146cd517.jpg
7754,18,月秀山下的阴影,2022-03-23 19:00:00,,https://www.bilibili.com/video/BV19U4y1o7CU,http://i2.hdslb.com/bfs/archive/a3ac5e018858822d2f00106e5a2718a94d29f3f6.jpg
549,2,《唐宫恩怨》10血沃长安,2022-03-23 12:00:19,,https://www.bilibili.com/video/BV1Rq4y1i7yM,http://i0.hdslb.com/bfs/archive/d1b7b931bb881d811ca93ec2ceddf6de5b5e13b2.jpg
3118,6,《智擒间谍船》,2022-03-22 19:00:01,,https://www.bilibili.com/video/BV14b4y1s7Nj,http://i2.hdslb.com/bfs/archive/0aa92020ecad5fb6fecd627db97e76abb13026fd.jpg
796,4,《希腊女船王的婚变》,2022-03-22 16:40:49,,https://www.bilibili.com/video/BV1mi4y1r7TF,http://i0.hdslb.com/bfs/archive/fbc7b7d21e51d5c594a7479f3c346e6b62737de7.jpg
287,3,《唐宫恩怨》09直捣王巢,2022-03-22 12:00:10,,https://www.bilibili.com/video/BV1HS4y1u7na,http://i0.hdslb.com/bfs/archive/00175d42cf834cf0413c54355bc365300d22ba2d.jpg
6239,13,《9233军列》,2022-03-21 19:00:19,,https://www.bilibili.com/video/BV1uL411P7zX,http://i0.hdslb.com/bfs/archive/08d651831622559f9c845f1f63ee9c0f2214e5b8.jpg
237,4,，《唐宫恩怨》08大闹胡廷,2022-03-21 12:00:06,,https://www.bilibili.com/video/BV1Xr4y1B7DL,http://i0.hdslb.com/bfs/archive/bb420cf4223479961ed447ca0a2eb78beb227e98.jpg
14431,16,《神秘的信号》,2022-03-20 19:00:06,,https://www.bilibili.com/video/BV1ub4y1s7VW,http://i0.hdslb.com/bfs/archive/67780e3114064c54894ce57235af72a537917c9e.jpg
431,3,《唐宫恩怨》07突厥奇遇,2022-03-20 12:00:11,,https://www.bilibili.com/video/BV1Ea41187Vc,http://i0.hdslb.com/bfs/archive/219689a02774e6f40b06692334f1d8fcaf8f7004.jpg
3337,8,《女刑侦》下-雾岛奇案,2022-03-19 19:00:14,,https://www.bilibili.com/video/BV1zZ4y1z7ec,http://i0.hdslb.com/bfs/archive/22fc2f2f934495aa8adaf224a045335d2fcc7a1d.jpg
264,3,《唐宫恩怨》06侠女涉险,2022-03-19 12:00:19,,https://www.bilibili.com/video/BV1EP4y1u7Cm,http://i0.hdslb.com/bfs/archive/af3159a41d3f03acd70dd0b86b7dd627759c0ae6.jpg
44819,124,《女刑侦》上-迷乱的脚印,2022-03-18 19:00:05,,https://www.bilibili.com/video/BV1V3411L7zt,http://i2.hdslb.com/bfs/archive/908837a385371b835cd51ce3064df394b3008882.jpg
494,4,《唐宫恩怨》05天山剑客,2022-03-18 12:00:02,,https://www.bilibili.com/video/BV17P4y1u7UW,http://i2.hdslb.com/bfs/archive/486fa3d4c3badc5f4a66d69525f3808f2d674e39.jpg
17197,94,科幻反特连环画《欲擒故纵》,2022-03-17 19:00:19,,https://www.bilibili.com/video/BV1zS4y137Xe,http://i2.hdslb.com/bfs/archive/0662d5799268d8e3c7e593b99562abc6fa00a9d0.jpg
575,2,《唐宫恩怨》04剑短情长,2022-03-17 12:00:05,,https://www.bilibili.com/video/BV15b4y1p7Uf,http://i0.hdslb.com/bfs/archive/874aaba39d9e2b6766937da1aaf32d882c1e1032.jpg
1965,4,谍战故事《琥珀项链》,2022-03-16 19:00:16,,https://www.bilibili.com/video/BV15U4y1o7TZ,http://i1.hdslb.com/bfs/archive/2d59eccfa6917ddced2bd96df78eff7ba49dbbea.jpg
343,3,《唐宫恩怨》03进京行刺,2022-03-16 12:00:14,,https://www.bilibili.com/video/BV1yT4y1U7G2,http://i2.hdslb.com/bfs/archive/5644bacb467d98e8795470afbb60d6c3d557efae.jpg
8697,6,《机605号》,2022-03-15 19:00:01,,https://www.bilibili.com/video/BV1nr4y1B7p7,http://i1.hdslb.com/bfs/archive/ad70a3685c17586444b16470299cd78c0a9e07c0.jpg
464,5,《唐宫恩怨》02金顶会盟,2022-03-15 12:00:18,,https://www.bilibili.com/video/BV1qq4y1e7df,http://i1.hdslb.com/bfs/archive/726d9cddbfa5ff3b57ae34434a92f8adac71d787.jpg
2875,14,《黑白警察》,2022-03-14 19:00:09,,https://www.bilibili.com/video/BV1bU4y1o7yF,http://i2.hdslb.com/bfs/archive/df8966d45973045d909570de38feb30ba6afd785.jpg
3411,5,僵尸复活,2022-03-14 15:54:55,,https://www.bilibili.com/video/BV1QZ4y1z78L,http://i1.hdslb.com/bfs/archive/fe3b6d263e0523addd4a32cc78799f66108a6a7a.jpg
15228,29,重配的《两块“罗马牌”手表》，画面无水印，配音更好听,2022-03-13 19:00:04,,https://www.bilibili.com/video/BV1Dq4y1v7kw,http://i1.hdslb.com/bfs/archive/dc62c911b6573202f6e9489026134bdc096b13ad.jpg
1109,2,《唐宫恩怨》01玉女下山,2022-03-13 16:45:37,,https://www.bilibili.com/video/BV1644y1K7CM,http://i1.hdslb.com/bfs/archive/685c6a0890afddbd3cf9b5d84a0ee6f5120be684.jpg
8345,6,《滨海谍案》,2022-03-12 19:00:03,,https://www.bilibili.com/video/BV1z44y1M71e,http://i2.hdslb.com/bfs/archive/8d3eabb70b0ff422ea88947e4027639433f5ff1b.jpg
1451,9,《包公案》之《移椅倚桐同玩月》,2022-03-12 14:44:09,,https://www.bilibili.com/video/BV1wY41137cS,http://i1.hdslb.com/bfs/archive/ec97da542e547b3b4121f107109a613437f08650.jpg
6178,13,谍战经典《蓝色档案》,2022-03-11 19:00:15,,https://www.bilibili.com/video/BV1YU4y1f7Gy,http://i1.hdslb.com/bfs/archive/416879d8e7538e20ffa0081afa1ef439f9de4064.jpg
40676,36,反特故事《035号图纸》,2022-03-10 19:00:06,,https://www.bilibili.com/video/BV1t44y1M7HK,http://i1.hdslb.com/bfs/archive/07f51e0eba9e02307f73d65f7d8135b1e1043cba.jpg
2211,2,谍战故事《针眼》,2022-03-09 19:00:18,,https://www.bilibili.com/video/BV1X341157mE,http://i2.hdslb.com/bfs/archive/a0a1669eab1f00a21a924380673b7b0421810449.jpg
3511,3,《白蜈蚣落网记》,2022-03-08 19:00:09,,https://www.bilibili.com/video/BV1Br4y1q7AH,http://i2.hdslb.com/bfs/archive/9b1f4732d3e6a457bd834232634257fcd27a04a7.jpg
9255,8,《凶宅》,2022-03-07 19:00:01,,https://www.bilibili.com/video/BV14P4y1g7Lw,http://i2.hdslb.com/bfs/archive/d200970b49a75e38088f43020d488aa66cb1644a.jpg
4531,9,《大佛下的鬼影》,2022-03-06 19:00:08,,https://www.bilibili.com/video/BV1C34y1b77J,http://i2.hdslb.com/bfs/archive/247b6a82b12592c52a7beab7b0a6290f850d0c93.jpg
6911,5,反特连环画《谁偷了声音》,2022-03-05 18:03:43,,https://www.bilibili.com/video/BV1Hb4y1W7Fq,http://i0.hdslb.com/bfs/archive/f0f09b533e2d53e1c5d2ce6eb19975228e6551da.jpg
8119,15,刑侦反特《滴水观音》,2022-03-04 17:56:16,,https://www.bilibili.com/video/BV19U4y1Z7Un,http://i0.hdslb.com/bfs/archive/dffed81a43cbee83d5c56fd847d8a497f09a34c3.jpg
4425,3,《梅花案》下,2022-03-03 19:34:09,,https://www.bilibili.com/video/BV1vr4y1z7YX,http://i0.hdslb.com/bfs/archive/7ad11ebfa0777fb317a4c97829913019a7093cff.jpg
775,4,八册三案《铜钟案》08,2022-03-03 19:30:10,,https://www.bilibili.com/video/BV1jZ4y1k7Xa,http://i2.hdslb.com/bfs/archive/811c6db6efdc2f9acf3fcf446023474f3af9abfc.jpg
8427,6,《梅花案》上,2022-03-02 21:23:24,,https://www.bilibili.com/video/BV1Zi4y1y7U9,http://i1.hdslb.com/bfs/archive/6b66959d34412debf9a63183f956a7bf1bb261b4.jpg
572,4,八册三案《铜钟案》07,2022-03-02 19:30:10,,https://www.bilibili.com/video/BV1yL411K7tm,http://i2.hdslb.com/bfs/archive/83f4718c73f2db9f1261222e3eb232a6d73c8638.jpg
675,1,敦厚的诈骗犯,2022-03-02 11:31:56,核爆级反转！最优秀的短篇悬疑推理神作之一《敦厚的诈骗犯》,https://www.bilibili.com/video/BV1DF411t7MS,http://i2.hdslb.com/bfs/archive/b306be18c281ce7c91380246fd62bcc985a17059.jpg
777,0,八册三案《铜钟案》06,2022-03-01 19:30:03,,https://www.bilibili.com/video/BV1BT4y1D7em,http://i1.hdslb.com/bfs/archive/1f910c98c5d2ffb075884dcde2a0b2ddd69dc108.jpg
1559,3,包公案-锁匙,2022-02-28 19:49:25,,https://www.bilibili.com/video/BV14b4y1x7h3,http://i2.hdslb.com/bfs/archive/eb0090db77f929a0b99811a0b99d50f5f39d02c5.jpg
527,1,八册三案《铜钟案》05,2022-02-28 19:30:18,,https://www.bilibili.com/video/BV1Vi4y127Cb,http://i0.hdslb.com/bfs/archive/7fd405028d0e8291b9259dc9a5c7bdf2b6877159.jpg
528,0,八册三案《铜钟案》04,2022-02-27 19:30:06,,https://www.bilibili.com/video/BV18q4y1t7vB,http://i0.hdslb.com/bfs/archive/9fd87a63edc61393b10286d731b36512504182cd.jpg
513,0,古代办案小故事《奇杀之案》,2022-02-27 09:37:41,,https://www.bilibili.com/video/BV1gi4y1y7oM,http://i1.hdslb.com/bfs/archive/7174af2ab3c8b75c06f2d5f469afc6a7587da910.jpg
7779,9,警号139-渔网里的女尸,2022-02-27 09:02:44,,https://www.bilibili.com/video/BV15S4y1k7Xt,http://i2.hdslb.com/bfs/archive/1870d902f6b1d4590adee0191bc018e060e9cd63.jpg
610,5,八册三案《铜钟案》03,2022-02-26 19:30:06,,https://www.bilibili.com/video/BV14i4y1273o,http://i0.hdslb.com/bfs/archive/709c7246fd56a2ee4d7b558e46274195783f593d.jpg
682,1,八册三案《铜钟案》02,2022-02-25 19:30:05,,https://www.bilibili.com/video/BV1Ni4y127XB,http://i2.hdslb.com/bfs/archive/a95739279258d26adf9b51b4713959ed21dba0d5.jpg
1721,5,八册三案《铜钟案》01,2022-02-24 19:30:04,,https://www.bilibili.com/video/BV1M44y1n7sw,http://i2.hdslb.com/bfs/archive/e26a4672796d3db1ce7d046bf84541803346fc6d.jpg
665,2,云翠仙,2022-02-24 13:36:04,,https://www.bilibili.com/video/BV1TP4y1c7Ws,http://i0.hdslb.com/bfs/archive/42e950887c735871e87498f62ec246fc63affd74.jpg
4601,2,神奇的电波,2022-02-23 19:30:13,,https://www.bilibili.com/video/BV17q4y1t7s8,http://i0.hdslb.com/bfs/archive/e7accd391a5a7501df50188721e12e44aec0857a.jpg
1839,5,神女峰的迷雾,2022-02-22 19:30:12,,https://www.bilibili.com/video/BV1zR4y1V7iq,http://i2.hdslb.com/bfs/archive/e3986ec79cc2a1ccfbba10c5318a5546e9318b79.jpg
478,0,中国古代办案小故事-插门闩,2022-02-22 17:34:20,,https://www.bilibili.com/video/BV1Hq4y1t77Y,http://i1.hdslb.com/bfs/archive/2df2703275167e14ecd49af4e2121d9efbf474db.jpg
3552,1,电话7600,2022-02-19 19:30:11,,https://www.bilibili.com/video/BV1oF41177gH,http://i0.hdslb.com/bfs/archive/52108462d13575573dcf3b78a1b277f600388a3a.jpg
110,0,四种游戏,2022-02-19 12:28:12,,https://www.bilibili.com/video/BV1ML4y1g7Bj,http://i0.hdslb.com/bfs/archive/6194a22e2d613af24cb063c721ccff3343d6f71c.jpg
2686,1,金佛像失窃案,2022-02-18 19:30:03,,https://www.bilibili.com/video/BV1gT4y197tD,http://i1.hdslb.com/bfs/archive/7c080c33c53cf8dd0fdceaf75c8fe94b9dd315bf.jpg
8212,10,智破连环案,2022-02-17 19:30:17,,https://www.bilibili.com/video/BV1UP4y1w7vD,http://i2.hdslb.com/bfs/archive/3ec63969e0307c1a64b5f09ca05018bc0b310851.jpg
8368,4,反特连环画《谁是十八号》,2022-02-16 19:30:12,,https://www.bilibili.com/video/BV15L4y1G7ES,http://i0.hdslb.com/bfs/archive/518d571f46353e943607ae6f3e62dad596e9d045.jpg
1710,8,狄仁杰探案故事10四漆屏案,2022-02-15 19:30:15,,https://www.bilibili.com/video/BV1G5411o7Cg,http://i2.hdslb.com/bfs/archive/e18587848f3bdf37c7d1df56838d7e800599bd6d.jpg
1293,3,狄仁杰探案故事09铁钉案,2022-02-14 19:30:19,,https://www.bilibili.com/video/BV1FP4y1w7gW,http://i0.hdslb.com/bfs/archive/62dd2056464bc9512e5e053e58ec8a47f53a08fd.jpg
2120,16,狄仁杰探案故事08朝云观案,2022-02-13 19:30:02,,https://www.bilibili.com/video/BV1ru41197R5,http://i1.hdslb.com/bfs/archive/b508bdd94552918a6d180ffc395e3785768f6e8c.jpg
426,5,13血溅船厂,2022-02-12 19:30:01,,https://www.bilibili.com/video/BV1LY411L7Ga,http://i1.hdslb.com/bfs/archive/a011e01108783aa8a26b64544dd3591a0b4366ef.jpg
70,0,进场时机很关键,2022-02-12 17:05:49,,https://www.bilibili.com/video/BV1tY411L7Mj,http://i0.hdslb.com/bfs/archive/3f149c1f4b3351c7c0930fdb8d39a01d0ada7eed.jpg
3875,4,狄仁杰探案故事07断指案,2022-02-11 19:30:14,,https://www.bilibili.com/video/BV16m4y1Z7Vv,http://i0.hdslb.com/bfs/archive/9ce4f006a9d2b22ce8382840969d60da45ce0580.jpg
706,1,黑名单上的人12偷运伤员,2022-02-10 19:36:05,,https://www.bilibili.com/video/BV1uR4y1L72g,http://i0.hdslb.com/bfs/archive/b86ffb1f4c30ebe1043e1559da953360f9e84449.jpg
4170,9,狄仁杰探案故事06铜钟案,2022-02-09 19:49:04,,https://www.bilibili.com/video/BV1aL4y1s7Ti,http://i1.hdslb.com/bfs/archive/78e1a39dd3217b30991c5174a1eb94c2523780e6.jpg
83,0,房价下跌14%？,2022-02-09 15:44:15,-,https://www.bilibili.com/video/BV1Ni4y1f7ZN,http://i2.hdslb.com/bfs/archive/2eb140a9707af980a98e7c0c20dbd299b41a95b1.jpg
499,3,黑名单上的人11秘密文件,2022-02-08 18:31:53,,https://www.bilibili.com/video/BV1Mi4y1f7bx,http://i1.hdslb.com/bfs/archive/6a3dff4e01b34fc95f8eb7fe0b4f89bad537b5f9.jpg
240,1,彩票的本质,2022-02-08 15:00:18,,https://www.bilibili.com/video/BV14u41197Tz,http://i0.hdslb.com/bfs/archive/438ce453cc7485e8ba3a1377e8bdadc1e3f09cc7.jpg
3059,4,狄仁杰探案故事05湖滨案,2022-02-07 18:35:35,,https://www.bilibili.com/video/BV1Fu41197kL,http://i1.hdslb.com/bfs/archive/a82c5a870feab31f3011e1f7540b3cbcbf461cab.jpg
129,0,房贷如何还,2022-02-07 14:38:42,,https://www.bilibili.com/video/BV1ZY41157md,http://i0.hdslb.com/bfs/archive/92194e0b06930be9c0132b85783f025523e1711e.jpg
4283,9,狄仁杰探案故事04紫光寺案,2022-02-06 20:17:46,,https://www.bilibili.com/video/BV1D34y1y7FT,http://i0.hdslb.com/bfs/archive/4d41f57fd73befc97d6d7859906e84ef6be8a064.jpg
52,0,穿越牛熊的收益率分析,2022-02-06 13:58:53,-,https://www.bilibili.com/video/BV18r4y1h7N6,http://i2.hdslb.com/bfs/archive/c68adba20a7ad8364cc2ad9bd8f9574e06e2a011.jpg
1441,0,狄仁杰探案故事03玉珠串案,2022-02-05 20:52:32,,https://www.bilibili.com/video/BV1HT4y1C7pg,http://i1.hdslb.com/bfs/archive/809258f2603a626e9dade04d9e4f5299111a3b40.jpg
1859,6,狄仁杰探案故事02迷宫案,2022-02-04 18:45:32,,https://www.bilibili.com/video/BV1Pr4y1h7h7,http://i2.hdslb.com/bfs/archive/13ca72042c55bd5e87fb02d5a1f9597532eae774.jpg
218,0,复利公式里的人生智慧,2022-02-04 14:14:35,,https://www.bilibili.com/video/BV1gb4y177LZ,http://i2.hdslb.com/bfs/archive/f1137dbbda0df47b1a806869d6863e98329eaf8f.jpg
471,0,黑名单上的人10弗拉达.鲁斯,2022-02-03 19:08:01,,https://www.bilibili.com/video/BV14q4y1F7h6,http://i2.hdslb.com/bfs/archive/72ea02047ac22c3beac1e584f6440f84c24435aa.jpg
5107,25,狄仁杰探案故事01黄金案,2022-02-03 19:00:16,,https://www.bilibili.com/video/BV1kT4y1k7pM,http://i1.hdslb.com/bfs/archive/d5fadaed3cc3d1397d0dcd0e0aea191eb1f6d50d.jpg
362,0,黑名单上的人09小弗帕亚,2022-02-02 18:03:26,,https://www.bilibili.com/video/BV1A44y1W7A9,http://i0.hdslb.com/bfs/archive/973037a0954a3540f703ef043fb0c89eaf29b645.jpg
807,2,大办人民公社,2022-02-02 17:59:46,,https://www.bilibili.com/video/BV1kF411H7SE,http://i1.hdslb.com/bfs/archive/e3435667099cb943d0c07cde1a4f4abf21772058.jpg
680,1,黑名单上的人08特别邮车,2022-02-01 20:33:18,,https://www.bilibili.com/video/BV1b34y127jd,http://i1.hdslb.com/bfs/archive/673547d60d16bcfc078530de2f1d127a6f248986.jpg
207,0,在股市获得10%的收益难吗？,2022-02-01 20:27:34,,https://www.bilibili.com/video/BV1e5411Z7LR,http://i0.hdslb.com/bfs/archive/f132ea51fb8da0ca23d044e745e769e60227d374.jpg
372,2,07巴尼察集中营,2022-01-31 13:08:19,,https://www.bilibili.com/video/BV1634y127LC,http://i1.hdslb.com/bfs/archive/9c36c3c23299a1a00182bbe80ea6ac0c1381d6c6.jpg
8950,8,古塔魔影,2022-01-30 13:33:42,,https://www.bilibili.com/video/BV1XS4y1y7sW,http://i2.hdslb.com/bfs/archive/cc404a8a714b990b652cea6d3f5774ea773bee66.jpg
384,4,平凡的世界10,2022-01-30 13:33:36,,https://www.bilibili.com/video/BV1g3411E7vt,http://i2.hdslb.com/bfs/archive/992e39b8304551b16d7fef7abb4bd491886e84b9.jpg
90,0,平凡的世界09,2022-01-30 13:32:37,,https://www.bilibili.com/video/BV1eZ4y1d7AC,http://i1.hdslb.com/bfs/archive/4e1bdbd321ce47608dac89258ed4315634d881c0.jpg
67,0,平凡的世界08,2022-01-30 13:31:50,,https://www.bilibili.com/video/BV19a411173P,http://i0.hdslb.com/bfs/archive/5a20066b9e5b4b8892c39da5a8f4751308bf8d0f.jpg
83,0,平凡的世界07,2022-01-30 13:29:18,,https://www.bilibili.com/video/BV1Cm4y1o77t,http://i1.hdslb.com/bfs/archive/4e1bdbd321ce47608dac89258ed4315634d881c0.jpg
109,1,平凡的世界06,2022-01-30 13:28:11,,https://www.bilibili.com/video/BV1jq4y1h7tS,http://i1.hdslb.com/bfs/archive/4e1bdbd321ce47608dac89258ed4315634d881c0.jpg
80,0,平凡的世界05,2022-01-30 13:24:49,,https://www.bilibili.com/video/BV1Fr4y1Y7q9,http://i1.hdslb.com/bfs/archive/b433e6f2ebc602a9311eb32908ee0370c861f76e.jpg
134,0,平凡的世界04,2022-01-30 13:23:14,,https://www.bilibili.com/video/BV1ZS4y1V7nb,http://i1.hdslb.com/bfs/archive/cbaa9808894b4714334f335cc43769241a20db66.jpg
979,1,黑名单上的人06袭击弹药库,2022-01-29 06:31:09,,https://www.bilibili.com/video/BV1RS4y1C7kB,http://i2.hdslb.com/bfs/archive/02a9cd818ce374a5ae5579da7ef0a975dd1ffdc6.jpg
77,0,没有原因的“股市悲剧”,2022-01-29 06:10:39,,https://www.bilibili.com/video/BV1R34y117P8,http://i2.hdslb.com/bfs/archive/f82145bd03c63e80ad00fa0f3b07f102b18d0200.jpg
537,4,黑名单上的人05蘑菇行动,2022-01-28 19:41:29,,https://www.bilibili.com/video/BV1pS4y1V779,http://i1.hdslb.com/bfs/archive/b10df481b27b0ec502e661b320b9352b33e593fc.jpg
922,0,黑名单上的人04地下印刷所,2022-01-27 19:39:20,,https://www.bilibili.com/video/BV1wF411W7Ko,http://i1.hdslb.com/bfs/archive/0f0fd408dc7f584bb97e714dd3c04cdb6d17cfb4.jpg
637,1,03叛徒,2022-01-26 17:53:26,,https://www.bilibili.com/video/BV1QT4y1C7M2,http://i0.hdslb.com/bfs/archive/ff2d35de493606ce57223cc9540381ff49a5f90b.jpg
904,2,02夜袭车库,2022-01-25 19:23:22,,https://www.bilibili.com/video/BV1CP4y1P7r7,http://i2.hdslb.com/bfs/archive/cba231bc2bb2fdcefb3047f6b6b904d21388385d.jpg
108,0,平凡的世界03,2022-01-25 19:18:43,,https://www.bilibili.com/video/BV12r4y1e7KJ,http://i0.hdslb.com/bfs/archive/98d1466c94caad37ca1be7ec29f2ed2b90ef6394.jpg
230,0,平凡的世界02,2022-01-24 19:30:20,,https://www.bilibili.com/video/BV1p34y1q7GF,http://i1.hdslb.com/bfs/archive/8de57a5c6c7a71b66d75e555d734d0379ad70759.jpg
5191,8,黑名单上的人01特别行动小组,2022-01-24 19:30:20,,https://www.bilibili.com/video/BV1hS4y1o7GT,http://i2.hdslb.com/bfs/archive/58f3e1be14dc5292c5c1f7825e23e3894998e451.jpg
6381,0,C-3之谜（下）,2022-01-24 19:27:16,,https://www.bilibili.com/video/BV1oq4y1c7UD,http://i2.hdslb.com/bfs/archive/e8c794f7d315121db589e928dedcaff3469d1420.jpg
524,3,平凡的世界01,2022-01-23 19:57:14,,https://www.bilibili.com/video/BV15L4y1t76y,http://i1.hdslb.com/bfs/archive/744efd0e17b41b511b875eb684cc9e8509af07bd.jpg
2061,3,刑警803之10女作家之死,2022-01-23 19:30:03,,https://www.bilibili.com/video/BV17S4y177wk,http://i0.hdslb.com/bfs/archive/8cdf6dd2b4a17d68a3e41474aea1728582cd55a6.jpg
2680,4,C-3之谜（上）,2022-01-23 09:17:04,,https://www.bilibili.com/video/BV1CF411p7Yu,http://i1.hdslb.com/bfs/archive/ac6ec194f96e1f76f43dbd3dd624169c58579bbe.jpg
1059,2,智擒皇冠犬,2022-01-22 16:13:08,,https://www.bilibili.com/video/BV17T4y127tS,http://i1.hdslb.com/bfs/archive/336ccc379ca32d113ae78c4f4ea515086fc162ba.jpg
832,5,刑警803之08本案无动机,2022-01-22 16:09:23,,https://www.bilibili.com/video/BV1Kq4y1C7AL,http://i2.hdslb.com/bfs/archive/43dfc5fcba0669fdee3b8db80c0f9e24cd1364d8.jpg
1178,0,刑警803之09都市猎狼,2022-01-22 07:16:31,,https://www.bilibili.com/video/BV1k34y1i7tk,http://i1.hdslb.com/bfs/archive/bfc3ed880c73d4089f0c56aaf758853db711d55b.jpg
1877,1,刑警803之07宝贝杀手,2022-01-20 19:28:15,,https://www.bilibili.com/video/BV1ra41127Na,http://i2.hdslb.com/bfs/archive/a0c69f60efcc905cadce0712dd600b9df6b341b8.jpg
3829,10,刑警803之06疯狂的新娘,2022-01-19 18:34:15,,https://www.bilibili.com/video/BV1Qb4y1J796,http://i2.hdslb.com/bfs/archive/0ef41571b7b878218985a10fe057b30d28fae28c.jpg
1574,5,刑警803之05空巢迷踪,2022-01-18 18:13:57,,https://www.bilibili.com/video/BV1bF411p7BP,http://i1.hdslb.com/bfs/archive/d209519532ff63e80ec2e2ea647d272b185a37cf.jpg
1602,5,刑警803之04紫罗兰1号,2022-01-17 18:10:36,,https://www.bilibili.com/video/BV1zL411c7tp,http://i0.hdslb.com/bfs/archive/ccc6a09ac542d91d7f94e58f5717477f5416b945.jpg
2038,5,刑警803之03夺命海滩,2022-01-16 19:33:48,,https://www.bilibili.com/video/BV14q4y1A7gf,http://i1.hdslb.com/bfs/archive/0d74d520a461a96fa0c2bce4c1bd70e8e7d2d1bc.jpg
1367,9,刑警803之02网上捕鱼,2022-01-15 17:57:35,,https://www.bilibili.com/video/BV1mZ4y1f7MD,http://i2.hdslb.com/bfs/archive/05803c3654ecf57622013d6313d895cbf147ff3d.jpg
3897,8,刑警803之01白玉观音,2022-01-14 19:03:50,,https://www.bilibili.com/video/BV1aZ4y1f7Go,http://i1.hdslb.com/bfs/archive/6e6a9a36c0107ecd210000bb0821bb811de30437.jpg
1317,1,追捕二王02,2022-01-14 10:28:07,,https://www.bilibili.com/video/BV1U3411a7yq,http://i0.hdslb.com/bfs/archive/d6b01d7c33bdd9eaaa29d60596fc720b7228b4af.jpg
2923,1,《追捕二王》01,2022-01-13 19:11:29,“二王案件”非常有名，是当时震惊全国的大案。,https://www.bilibili.com/video/BV1k3411a7Ui,http://i2.hdslb.com/bfs/archive/dadc01bc7b86b1844a90724a0fd1f6eafa724344.jpg
1787,0,智擒美女蛇02,2022-01-13 11:29:28,,https://www.bilibili.com/video/BV1tT4y117kU,http://i0.hdslb.com/bfs/archive/53b3bc01eaa4818f918b572e5a360aadab1edb88.jpg
2994,2,智擒美女蛇01,2022-01-12 19:00:06,,https://www.bilibili.com/video/BV1CP4y1E7RW,http://i0.hdslb.com/bfs/archive/53b3bc01eaa4818f918b572e5a360aadab1edb88.jpg
717,0,血溅津门(三)真假马奇洋,2022-01-10 17:41:51,,https://www.bilibili.com/video/BV1Gq4y1A7xy,http://i0.hdslb.com/bfs/archive/6e38e0e23ca7859a8e41fab911732bbd8e446fdf.jpg
1350,2,血溅津门(二)奇兵夺粮,2022-01-09 20:02:49,,https://www.bilibili.com/video/BV1pL4y1b7Az,http://i1.hdslb.com/bfs/archive/823132830febc338d07d94bde75d06a116a37fb2.jpg
4633,5,血溅津门(一)大闹天津卫,2022-01-09 10:33:39,,https://www.bilibili.com/video/BV1HS4y1Z7gH,http://i2.hdslb.com/bfs/archive/360b9071eca6818a6a89ee09e83296b62d4da3b3.jpg
2756,0,斗鲨,2022-01-06 19:33:07,,https://www.bilibili.com/video/BV1SZ4y1U7Bi,http://i2.hdslb.com/bfs/archive/5eec44d8c54330f34d40c35969071878291ed955.jpg
11203,7,春江谍影,2022-01-06 12:45:27,,https://www.bilibili.com/video/BV153411e76S,http://i0.hdslb.com/bfs/archive/59fa4424fd764910b065f139c4b57e48e86d1745.jpg
9985,10,玫瑰香奇案,2022-01-03 19:05:34,,https://www.bilibili.com/video/BV1ZL4y1t7Ey,http://i2.hdslb.com/bfs/archive/e83b8277d2a2d83c1e0c284f875a6b938b94bf5c.jpg
1642,4,斩蛇记,2022-01-02 17:16:10,,https://www.bilibili.com/video/BV1zr4y1m79S,http://i0.hdslb.com/bfs/archive/6ee72db498ea7847eaf45e641ccfa7be22a64307.jpg
1203,6,谁是凶手,2022-01-01 20:40:57,,https://www.bilibili.com/video/BV1Zu411m7Fd,http://i0.hdslb.com/bfs/archive/d7c830e9de9b2b2f69eba39cd9b96c5971de10f4.jpg
4484,2,“305”电波,2021-12-30 19:36:36,,https://www.bilibili.com/video/BV18r4y1S7XQ,http://i1.hdslb.com/bfs/archive/850f45ce5e1c81dd49d031e29b56f09a6bd192c9.jpg
5366,2,原形毕露,2021-12-29 20:33:19,,https://www.bilibili.com/video/BV14q4y1m7pe,http://i2.hdslb.com/bfs/archive/06ec2a5a63edb206088a9fe73ed583ea3ced595b.jpg
4848,1,一张奇怪的药方,2021-12-29 20:15:31,,https://www.bilibili.com/video/BV1934y1B7je,http://i1.hdslb.com/bfs/archive/1f0d1d970fba086434a06578205f6924966292fc.jpg
4050,9,奇怪的收音机,2021-12-24 18:57:20,,https://www.bilibili.com/video/BV18P4y1H7iV,http://i2.hdslb.com/bfs/archive/d4737a9587b78cf243ad502fc7af5a4b520d7d16.jpg
3241,2,间谍落网记,2021-12-23 18:10:45,,https://www.bilibili.com/video/BV1Lm4y197bf,http://i0.hdslb.com/bfs/archive/0d13585d821536ab776c53aa1c069311158ca14d.jpg
13836,6,603号的秘密,2021-12-19 19:19:46,,https://www.bilibili.com/video/BV1CM4y1c77k,http://i2.hdslb.com/bfs/archive/eaf0e272d8472708a931e74445b2c5b3732f223b.jpg
5060,1,图穷见魔影,2021-12-18 19:05:50,,https://www.bilibili.com/video/BV1vS4y1Q7Y6,http://i1.hdslb.com/bfs/archive/ec08b6457b08f01847fd61b078fd22ae001a1a15.jpg
972,3,捕鲸记,2021-12-18 19:00:18,,https://www.bilibili.com/video/BV1CM4y1c7so,http://i1.hdslb.com/bfs/archive/4d41125cf8c38d2488d8287eb9c6b38e9446a247.jpg
441,1,格列佛漫游小人国,2021-12-18 18:52:48,,https://www.bilibili.com/video/BV1dr4y1D7ZN,http://i2.hdslb.com/bfs/archive/9a3cb67a0b564c617537ac9a8c3051c7ad2b47ba.jpg
9359,4,谁是四脚蛇,2021-12-18 18:48:00,,https://www.bilibili.com/video/BV1bQ4y1Y7CP,http://i1.hdslb.com/bfs/archive/fe31aa5f90c25dbac416928b3b5d77079070b5bb.jpg
6952,3,投向“四零一”的魔影,2021-12-11 06:04:45,,https://www.bilibili.com/video/BV1bL4y1H7jU,http://i1.hdslb.com/bfs/archive/712b36f2ae2c66a2cbc581f369db0c3e6e687442.jpg
966,1,有声连环画《半夜鸡叫》,2021-12-07 03:57:31,,https://www.bilibili.com/video/BV1f341147jf,http://i0.hdslb.com/bfs/archive/a2979da0f58b6428b88ebd89db8be563aa813a9d.jpg
376,0,有声连环画《老子》,2021-12-04 06:36:21,,https://www.bilibili.com/video/BV1oR4y147f9,http://i1.hdslb.com/bfs/archive/1cc764ea8d62621cd83dddda3a954c15b4c855d3.jpg
1180,1,有声连环画《秘密军刺客》,2021-12-02 18:20:43,,https://www.bilibili.com/video/BV1P3411479w,http://i2.hdslb.com/bfs/archive/63e20572ac860b4faeed8ee88b81951907bee68c.jpg
1373,1,有声连环画《小英雄雨来》,2021-12-02 18:06:18,小英雄雨来12岁上就参加了抗日斗争。有一次，日本鬼子来了，雨来和小伙伴配合民兵埋地雷，侦察敌情，把敌人引入地雷阵，消灭了一批敌人，为抗日斗争作出了贡献。,https://www.bilibili.com/video/BV19Y411s7ye,http://i1.hdslb.com/bfs/archive/75e73419cbb4121b7e40949571b7d3a9c6d4822c.jpg
